2026-08-13 12:58:33 - server.services.engine_class - INFO - placed item 0 in the queue waiting to be dispatched to the decoder
2026-08-13 12:58:33 - server.services.engine_class - INFO - consuming token of length 18 of id 0
2026-08-13 12:58:35 - server.services.engine_class - INFO - placed item 100 in the queue waiting to be dispatched to the decoder
2026-08-13 12:58:35 - server.services.decoder - INFO - putting chunk generated from the decoder with index 0 in decoder queue
2026-08-13 12:58:35 - server.services.decoder - INFO - getting audio chunk 0 from decoder queue consumer to stream to the backend
2026-08-13 12:58:35 - server.services.ttsServices - INFO - Token 0 : 4096 bytes in 2.344924404999972 seconds
2026-08-13 12:58:35 - server.services.ttsServices - INFO - TTFT for Hey there, looks like you forgot to provide a prompt! Please provide one that will help us generate speech is 2.3449710549999736
2026-08-13 12:58:35 - server.services.engine_class - INFO - consuming token of length 1976 of id 100
2026-08-13 12:58:35 - server.services.ttsServices - INFO - Token 10 : 4096 bytes in 2.525978051999971 seconds
2026-08-13 12:58:36 - server.services.ttsServices - INFO - Token 20 : 4096 bytes in 3.376496304999989 seconds
2026-08-13 12:58:37 - server.services.engine_class - INFO - placed item 200 in the queue waiting to be dispatched to the decoder
2026-08-13 12:58:37 - server.services.engine_class - INFO - consuming token of length 3940 of id 200
2026-08-13 12:58:38 - server.services.ttsServices - INFO - Token 30 : 4096 bytes in 4.816538718999993 seconds
2026-08-13 12:58:39 - server.services.engine_class - INFO - placed item 300 in the queue waiting to be dispatched to the decoder
2026-08-13 12:58:39 - server.services.engine_class - INFO - consuming token of length 5900 of id 300
2026-08-13 12:58:39 - server.services.ttsServices - INFO - Token 40 : 4096 bytes in 6.135101324000004 seconds
2026-08-13 12:58:40 - server.services.ttsServices - INFO - Token 50 : 4096 bytes in 7.460843496999985 seconds
2026-08-13 12:58:41 - server.services.engine_class - INFO - placed item 400 in the queue waiting to be dispatched to the decoder
2026-08-13 12:58:41 - server.services.engine_class - INFO - consuming token of length 7862 of id 400
2026-08-13 12:58:42 - server.services.ttsServices - INFO - Token 60 : 4096 bytes in 8.795181985999989 seconds
2026-08-13 12:58:43 - server.services.engine_class - INFO - placed item 500 in the queue waiting to be dispatched to the decoder
2026-08-13 12:58:43 - server.services.engine_class - INFO - consuming token of length 9824 of id 500
2026-08-13 12:58:43 - server.services.ttsServices - INFO - Token 70 : 4096 bytes in 10.11533190299997 seconds
2026-08-13 12:58:44 - server.services.ttsServices - INFO - Time for sentence Hey there, looks like you forgot to provide a prompt! Please provide one that will help us generate speech : 11.031612247999988
2026-08-13 13:00:15 - server.services.engine_class - INFO - placed item 0 in the queue waiting to be dispatched to the decoder
2026-08-13 13:00:15 - server.services.engine_class - INFO - consuming token of length 18 of id 0
2026-08-13 13:00:16 - server.services.decoder - INFO - putting chunk generated from the decoder with index 0 in decoder queue
2026-08-13 13:00:16 - server.services.decoder - INFO - getting audio chunk 0 from decoder queue consumer to stream to the backend
2026-08-13 13:00:16 - server.services.ttsServices - INFO - Token 0 : 4096 bytes in 0.5583096909999767 seconds
2026-08-13 13:00:16 - server.services.ttsServices - INFO - TTFT for Hello, nice to meet you. is 0.5583514819999778
2026-08-13 13:00:17 - server.services.ttsServices - INFO - Token 10 : 4096 bytes in 1.8553015489999893 seconds
2026-08-13 13:00:17 - server.services.engine_class - INFO - placed item 100 in the queue waiting to be dispatched to the decoder
2026-08-13 13:00:17 - server.services.engine_class - INFO - consuming token of length 1976 of id 100
2026-08-13 13:00:18 - server.services.ttsServices - INFO - Token 20 : 4096 bytes in 3.1751064889999725 seconds
2026-08-13 13:00:19 - server.services.engine_class - INFO - placed item 200 in the queue waiting to be dispatched to the decoder
2026-08-13 13:00:19 - server.services.engine_class - INFO - consuming token of length 3773 of id 200
2026-08-13 13:00:19 - server.services.ttsServices - INFO - Time for sentence Hello, nice to meet you. : 4.0677394779999645
2026-08-13 13:00:19 - server.services.engine_class - INFO - placed item 0 in the queue waiting to be dispatched to the decoder
2026-08-13 13:00:19 - server.services.engine_class - INFO - consuming token of length 18 of id 0
2026-08-13 13:00:20 - server.services.decoder - INFO - putting chunk generated from the decoder with index 0 in decoder queue
2026-08-13 13:00:20 - server.services.decoder - INFO - getting audio chunk 0 from decoder queue consumer to stream to the backend
2026-08-13 13:00:20 - server.services.ttsServices - INFO - Token 0 : 4096 bytes in 0.7647730649999858 seconds
2026-08-13 13:00:20 - server.services.ttsServices - INFO - TTFT for  To tailor the interview, which role and level are you interviewing for, and can you give a brief overview of your relevant experience? is 0.7648287449999884
2026-08-13 13:00:21 - server.services.ttsServices - INFO - Token 10 : 4096 bytes in 2.086506381999982 seconds
2026-08-13 13:00:21 - server.services.engine_class - INFO - placed item 100 in the queue waiting to be dispatched to the decoder
2026-08-13 13:00:21 - server.services.engine_class - INFO - consuming token of length 1981 of id 100
2026-08-13 13:00:23 - server.services.ttsServices - INFO - Token 20 : 4096 bytes in 3.408416358000011 seconds
2026-08-13 13:00:23 - server.services.engine_class - INFO - placed item 200 in the queue waiting to be dispatched to the decoder
2026-08-13 13:00:23 - server.services.engine_class - INFO - consuming token of length 3943 of id 200
2026-08-13 13:00:24 - server.services.ttsServices - INFO - Token 30 : 4096 bytes in 4.758590132999984 seconds
2026-08-13 13:00:25 - server.services.engine_class - INFO - placed item 300 in the queue waiting to be dispatched to the decoder
2026-08-13 13:00:25 - server.services.engine_class - INFO - consuming token of length 5904 of id 300
2026-08-13 13:00:25 - server.services.ttsServices - INFO - Token 40 : 4096 bytes in 6.085155353000005 seconds
2026-08-13 13:00:27 - server.services.ttsServices - INFO - Token 50 : 4096 bytes in 7.4015813440000215 seconds
2026-08-13 13:00:27 - server.services.engine_class - INFO - placed item 400 in the queue waiting to be dispatched to the decoder
2026-08-13 13:00:27 - server.services.engine_class - INFO - consuming token of length 7864 of id 400
2026-08-13 13:00:28 - server.services.ttsServices - INFO - Token 60 : 4096 bytes in 8.723487838999972 seconds
2026-08-13 13:00:29 - server.services.engine_class - INFO - placed item 500 in the queue waiting to be dispatched to the decoder
2026-08-13 13:00:29 - server.services.engine_class - INFO - consuming token of length 9826 of id 500
2026-08-13 13:00:29 - server.services.ttsServices - INFO - Token 70 : 4096 bytes in 10.064235064999991 seconds
2026-08-13 13:00:31 - server.services.ttsServices - INFO - Token 80 : 4096 bytes in 11.390851925999982 seconds
2026-08-13 13:00:31 - server.services.engine_class - INFO - placed item 600 in the queue waiting to be dispatched to the decoder
2026-08-13 13:00:31 - server.services.engine_class - INFO - consuming token of length 11782 of id 600
2026-08-13 13:00:32 - server.services.ttsServices - INFO - Token 90 : 4096 bytes in 12.723156594999978 seconds
2026-08-13 13:00:33 - server.services.engine_class - INFO - placed item 700 in the queue waiting to be dispatched to the decoder
2026-08-13 13:00:33 - server.services.engine_class - INFO - consuming token of length 13744 of id 700
2026-08-13 13:00:33 - server.services.decoder - INFO - putting chunk generated from the decoder with index 100 in decoder queue
2026-08-13 13:00:33 - server.services.decoder - INFO - getting audio chunk 100 from decoder queue consumer to stream to the backend
2026-08-13 13:00:33 - server.services.ttsServices - INFO - Token 100 : 4096 bytes in 14.057790675999968 seconds
2026-08-13 13:00:34 - server.services.ttsServices - INFO - Time for sentence  To tailor the interview, which role and level are you interviewing for, and can you give a brief overview of your relevant experience? : 15.049050362999992
2026-08-13 13:00:34 - server.services.engine_class - INFO - placed item 0 in the queue waiting to be dispatched to the decoder
2026-08-13 13:00:34 - server.services.engine_class - INFO - consuming token of length 18 of id 0
2026-08-13 13:00:35 - server.services.decoder - INFO - putting chunk generated from the decoder with index 0 in decoder queue
2026-08-13 13:00:35 - server.services.decoder - INFO - getting audio chunk 0 from decoder queue consumer to stream to the backend
2026-08-13 13:00:35 - server.services.ttsServices - INFO - Token 0 : 4096 bytes in 0.7100429999999847 seconds
2026-08-13 13:00:35 - server.services.ttsServices - INFO - TTFT for  As a start, tell me what motivates you in this field and one concrete achievement you’re proud of from your most recent role. is 0.7100864509999951
2026-08-13 13:00:37 - server.services.ttsServices - INFO - Token 10 : 4096 bytes in 2.96598250400001 seconds
2026-08-13 13:00:37 - server.services.engine_class - INFO - placed item 100 in the queue waiting to be dispatched to the decoder
2026-08-13 13:00:37 - server.services.engine_class - INFO - consuming token of length 1977 of id 100
2026-08-13 13:00:39 - server.services.ttsServices - INFO - Token 20 : 4096 bytes in 4.293474598999978 seconds
2026-08-13 13:00:39 - server.services.engine_class - INFO - placed item 200 in the queue waiting to be dispatched to the decoder
2026-08-13 13:00:39 - server.services.engine_class - INFO - consuming token of length 3940 of id 200
2026-08-13 13:00:40 - server.services.ttsServices - INFO - Token 30 : 4096 bytes in 5.61795169200002 seconds
2026-08-13 13:00:41 - server.services.engine_class - INFO - placed item 300 in the queue waiting to be dispatched to the decoder
2026-08-13 13:00:41 - server.services.engine_class - INFO - consuming token of length 5900 of id 300
2026-08-13 13:00:41 - server.services.ttsServices - INFO - Token 40 : 4096 bytes in 6.93953979600002 seconds
2026-08-13 13:00:43 - server.services.ttsServices - INFO - Token 50 : 4096 bytes in 8.264818971000011 seconds
2026-08-13 13:00:43 - server.services.engine_class - INFO - placed item 400 in the queue waiting to be dispatched to the decoder
2026-08-13 13:00:43 - server.services.engine_class - INFO - consuming token of length 7862 of id 400
2026-08-13 13:00:44 - server.services.ttsServices - INFO - Token 60 : 4096 bytes in 9.592943004000006 seconds
2026-08-13 13:00:45 - server.services.engine_class - INFO - placed item 500 in the queue waiting to be dispatched to the decoder
2026-08-13 13:00:45 - server.services.engine_class - INFO - consuming token of length 9822 of id 500
2026-08-13 13:00:45 - server.services.ttsServices - INFO - Token 70 : 4096 bytes in 10.93192228700002 seconds
2026-08-13 13:00:47 - server.services.ttsServices - INFO - Token 80 : 4096 bytes in 12.556597950000025 seconds
2026-08-13 13:00:47 - server.services.engine_class - INFO - placed item 600 in the queue waiting to be dispatched to the decoder
2026-08-13 13:00:47 - server.services.engine_class - INFO - consuming token of length 11785 of id 600
2026-08-13 13:00:48 - server.services.ttsServices - INFO - Token 90 : 4096 bytes in 13.895334469000034 seconds
2026-08-13 13:00:49 - server.services.ttsServices - INFO - Time for sentence  As a start, tell me what motivates you in this field and one concrete achievement you’re proud of from your most recent role. : 14.591427070000009
2026-08-13 13:00:49 - server.services.engine_class - INFO - placed item 0 in the queue waiting to be dispatched to the decoder
2026-08-13 13:00:49 - server.services.engine_class - INFO - consuming token of length 18 of id 0
2026-08-13 13:00:50 - server.services.decoder - INFO - putting chunk generated from the decoder with index 0 in decoder queue
2026-08-13 13:00:50 - server.services.decoder - INFO - getting audio chunk 0 from decoder queue consumer to stream to the backend
2026-08-13 13:00:50 - server.services.ttsServices - INFO - Token 0 : 4096 bytes in 0.8372563479999826 seconds
2026-08-13 13:00:50 - server.services.ttsServices - INFO - TTFT for Hello, nice to meet you. is 0.837304448999987
2026-08-13 13:00:52 - server.services.ttsServices - INFO - Token 10 : 4096 bytes in 2.1297973740000202 seconds
2026-08-13 13:00:52 - server.services.engine_class - INFO - placed item 100 in the queue waiting to be dispatched to the decoder
2026-08-13 13:00:52 - server.services.engine_class - INFO - consuming token of length 1980 of id 100
2026-08-13 13:00:53 - server.services.ttsServices - INFO - Token 20 : 4096 bytes in 3.431037678999985 seconds
2026-08-13 13:00:53 - server.services.engine_class - INFO - placed item 200 in the queue waiting to be dispatched to the decoder
2026-08-13 13:00:53 - server.services.engine_class - INFO - consuming token of length 3942 of id 200
2026-08-13 13:00:54 - server.services.ttsServices - INFO - Time for sentence Hello, nice to meet you. : 4.54167234099998
2026-08-13 13:00:56 - server.services.engine_class - INFO - placed item 0 in the queue waiting to be dispatched to the decoder
2026-08-13 13:00:56 - server.services.engine_class - INFO - consuming token of length 18 of id 0
2026-08-13 13:00:56 - server.services.decoder - INFO - putting chunk generated from the decoder with index 0 in decoder queue
2026-08-13 13:00:56 - server.services.decoder - INFO - getting audio chunk 0 from decoder queue consumer to stream to the backend
2026-08-13 13:00:56 - server.services.ttsServices - INFO - Token 0 : 4096 bytes in 0.538515947999997 seconds
2026-08-13 13:00:56 - server.services.ttsServices - INFO - TTFT for  To start, could you briefly introduce yourself and tell me what role you’re pursuing? is 0.5385555880000084
2026-08-13 13:00:58 - server.services.ttsServices - INFO - Token 10 : 4096 bytes in 1.8312521739999852 seconds
2026-08-13 13:00:58 - server.services.engine_class - INFO - placed item 100 in the queue waiting to be dispatched to the decoder
2026-08-13 13:00:58 - server.services.engine_class - INFO - consuming token of length 1977 of id 100
2026-08-13 13:00:59 - server.services.ttsServices - INFO - Token 20 : 4096 bytes in 3.148374434999994 seconds
2026-08-13 13:01:00 - server.services.engine_class - INFO - placed item 200 in the queue waiting to be dispatched to the decoder
2026-08-13 13:01:00 - server.services.engine_class - INFO - consuming token of length 3935 of id 200
2026-08-13 13:01:00 - server.services.ttsServices - INFO - Token 30 : 4096 bytes in 4.47098207099998 seconds
2026-08-13 13:01:01 - server.services.engine_class - INFO - placed item 300 in the queue waiting to be dispatched to the decoder
2026-08-13 13:01:01 - server.services.engine_class - INFO - consuming token of length 5896 of id 300
2026-08-13 13:01:02 - server.services.ttsServices - INFO - Token 40 : 4096 bytes in 5.7957057270000405 seconds
2026-08-13 13:01:03 - server.services.ttsServices - INFO - Token 50 : 4096 bytes in 7.121186843000032 seconds
2026-08-13 13:01:03 - server.services.engine_class - INFO - placed item 400 in the queue waiting to be dispatched to the decoder
2026-08-13 13:01:03 - server.services.engine_class - INFO - consuming token of length 7851 of id 400
2026-08-13 13:01:04 - server.services.ttsServices - INFO - Time for sentence  To start, could you briefly introduce yourself and tell me what role you’re pursuing? : 8.255016412000032
2026-08-13 13:01:05 - server.services.engine_class - INFO - placed item 0 in the queue waiting to be dispatched to the decoder
2026-08-13 13:01:05 - server.services.engine_class - INFO - consuming token of length 19 of id 0
2026-08-13 13:01:05 - server.services.decoder - INFO - putting chunk generated from the decoder with index 0 in decoder queue
2026-08-13 13:01:05 - server.services.decoder - INFO - getting audio chunk 0 from decoder queue consumer to stream to the backend
2026-08-13 13:01:05 - server.services.ttsServices - INFO - Token 0 : 4096 bytes in 0.5393944649999867 seconds
2026-08-13 13:01:05 - server.services.ttsServices - INFO - TTFT for  Also share one example that demonstrates a relevant strength for that role. is 0.5394313750000492
2026-08-13 13:01:06 - server.services.ttsServices - INFO - Token 10 : 4096 bytes in 1.828301902000021 seconds
2026-08-13 13:01:06 - server.services.engine_class - INFO - placed item 100 in the queue waiting to be dispatched to the decoder
2026-08-13 13:01:06 - server.services.engine_class - INFO - consuming token of length 1979 of id 100
2026-08-13 13:01:08 - server.services.ttsServices - INFO - Token 20 : 4096 bytes in 3.1334936409999727 seconds
2026-08-13 13:01:08 - server.services.engine_class - INFO - placed item 200 in the queue waiting to be dispatched to the decoder
2026-08-13 13:01:08 - server.services.engine_class - INFO - consuming token of length 3943 of id 200
2026-08-13 13:01:10 - server.services.ttsServices - INFO - Token 30 : 4096 bytes in 5.086015187000044 seconds
2026-08-13 13:01:10 - server.services.engine_class - INFO - placed item 300 in the queue waiting to be dispatched to the decoder
2026-08-13 13:01:10 - server.services.engine_class - INFO - consuming token of length 5904 of id 300
2026-08-13 13:01:11 - server.services.ttsServices - INFO - Token 40 : 4096 bytes in 6.408510926999952 seconds
2026-08-13 13:01:12 - server.services.engine_class - INFO - placed item 400 in the queue waiting to be dispatched to the decoder
2026-08-13 13:01:12 - server.services.engine_class - INFO - consuming token of length 7863 of id 400
2026-08-13 13:01:12 - server.services.ttsServices - INFO - Token 50 : 4096 bytes in 7.7308651089999785 seconds
2026-08-13 13:01:14 - server.services.ttsServices - INFO - Time for sentence  Also share one example that demonstrates a relevant strength for that role. : 9.286978179000016
2026-08-13 13:46:14 - server.services.engine_class - INFO - placed item 0 in the queue waiting to be dispatched to the decoder
2026-08-13 13:46:14 - server.services.engine_class - INFO - consuming token of length 18 of id 0
2026-08-13 13:46:15 - server.services.decoder - INFO - putting chunk generated from the decoder with index 0 in decoder queue
2026-08-13 13:46:15 - server.services.decoder - INFO - getting audio chunk 0 from decoder queue consumer to stream to the backend
2026-08-13 13:46:15 - server.services.ttsServices - INFO - Token 0 : 4096 bytes in 0.5381931239999176 seconds
2026-08-13 13:46:15 - server.services.ttsServices - INFO - TTFT for Let's move to the next question. is 0.5382327440001973
2026-08-13 13:46:16 - server.services.ttsServices - INFO - Token 10 : 4096 bytes in 1.8406433019999895 seconds
2026-08-13 13:46:16 - server.services.engine_class - INFO - placed item 100 in the queue waiting to be dispatched to the decoder
2026-08-13 13:46:16 - server.services.engine_class - INFO - consuming token of length 1976 of id 100
2026-08-13 13:46:18 - server.services.ttsServices - INFO - Token 20 : 4096 bytes in 3.158764409000014 seconds
2026-08-13 13:46:18 - server.services.engine_class - INFO - placed item 200 in the queue waiting to be dispatched to the decoder
2026-08-13 13:46:18 - server.services.engine_class - INFO - consuming token of length 3616 of id 200
2026-08-13 13:46:19 - server.services.ttsServices - INFO - Time for sentence Let's move to the next question. : 4.336602932999995
2026-08-13 13:46:19 - server.services.engine_class - INFO - placed item 0 in the queue waiting to be dispatched to the decoder
2026-08-13 13:46:19 - server.services.engine_class - INFO - consuming token of length 18 of id 0
2026-08-13 13:46:20 - server.services.decoder - INFO - putting chunk generated from the decoder with index 0 in decoder queue
2026-08-13 13:46:20 - server.services.decoder - INFO - getting audio chunk 0 from decoder queue consumer to stream to the backend
2026-08-13 13:46:20 - server.services.ttsServices - INFO - Token 0 : 4096 bytes in 0.5389947849998862 seconds
2026-08-13 13:46:20 - server.services.ttsServices - INFO - TTFT for  It looks like there was an input format issue (non-base64 data). is 0.539034595999965
2026-08-13 13:46:21 - server.services.ttsServices - INFO - Token 10 : 4096 bytes in 1.816871638000066 seconds
2026-08-13 13:46:21 - server.services.engine_class - INFO - placed item 100 in the queue waiting to be dispatched to the decoder
2026-08-13 13:46:21 - server.services.engine_class - INFO - consuming token of length 1979 of id 100
2026-08-13 13:46:23 - server.services.engine_class - INFO - placed item 200 in the queue waiting to be dispatched to the decoder
2026-08-13 13:46:23 - server.services.engine_class - INFO - consuming token of length 3940 of id 200
2026-08-13 13:46:23 - server.services.ttsServices - INFO - Token 20 : 4096 bytes in 3.7585161299998617 seconds
2026-08-13 13:46:24 - server.services.ttsServices - INFO - Token 30 : 4096 bytes in 5.076396123999984 seconds
2026-08-13 13:46:25 - server.services.engine_class - INFO - placed item 300 in the queue waiting to be dispatched to the decoder
2026-08-13 13:46:25 - server.services.engine_class - INFO - consuming token of length 5906 of id 300
2026-08-13 13:46:26 - server.services.ttsServices - INFO - Token 40 : 4096 bytes in 6.39806052799986 seconds
2026-08-13 13:46:27 - server.services.engine_class - INFO - placed item 400 in the queue waiting to be dispatched to the decoder
2026-08-13 13:46:27 - server.services.engine_class - INFO - consuming token of length 7868 of id 400
2026-08-13 13:46:27 - server.services.ttsServices - INFO - Token 50 : 4096 bytes in 7.717752804999691 seconds
2026-08-13 13:46:28 - server.services.ttsServices - INFO - Token 60 : 4096 bytes in 9.033033815999715 seconds
2026-08-13 13:46:28 - server.services.engine_class - INFO - placed item 500 in the queue waiting to be dispatched to the decoder
2026-08-13 13:46:28 - server.services.engine_class - INFO - consuming token of length 9830 of id 500
2026-08-13 13:46:29 - server.services.ttsServices - INFO - Token 70 : 4096 bytes in 10.359837439999865 seconds
2026-08-13 13:46:30 - server.services.engine_class - INFO - placed item 600 in the queue waiting to be dispatched to the decoder
2026-08-13 13:46:30 - server.services.engine_class - INFO - consuming token of length 11274 of id 600
2026-08-13 13:46:31 - server.services.ttsServices - INFO - Time for sentence  It looks like there was an input format issue (non-base64 data). : 11.410100564000004
2026-08-13 13:46:31 - server.services.engine_class - INFO - placed item 0 in the queue waiting to be dispatched to the decoder
2026-08-13 13:46:31 - server.services.engine_class - INFO - consuming token of length 18 of id 0
2026-08-13 13:46:31 - server.services.decoder - INFO - putting chunk generated from the decoder with index 0 in decoder queue
2026-08-13 13:46:31 - server.services.decoder - INFO - getting audio chunk 0 from decoder queue consumer to stream to the backend
2026-08-13 13:46:31 - server.services.ttsServices - INFO - Token 0 : 4096 bytes in 0.5400522989998535 seconds
2026-08-13 13:46:31 - server.services.ttsServices - INFO - TTFT for  No worries—please tell me the role you're interviewing for and give a brief, metric-based summary of one relevant achievement from your recent work (e.g., improved performance by X%, reduced costs by is 0.5400910489997841
2026-08-13 13:46:33 - server.services.ttsServices - INFO - Token 10 : 4096 bytes in 1.8346449969999412 seconds
2026-08-13 13:46:33 - server.services.engine_class - INFO - placed item 100 in the queue waiting to be dispatched to the decoder
2026-08-13 13:46:33 - server.services.engine_class - INFO - consuming token of length 1982 of id 100
2026-08-13 13:46:34 - server.services.ttsServices - INFO - Token 20 : 4096 bytes in 3.1523234510000293 seconds
2026-08-13 13:46:35 - server.services.engine_class - INFO - placed item 200 in the queue waiting to be dispatched to the decoder
2026-08-13 13:46:35 - server.services.engine_class - INFO - consuming token of length 3943 of id 200
2026-08-13 13:46:35 - server.services.ttsServices - INFO - Token 30 : 4096 bytes in 4.465267081999627 seconds
2026-08-13 13:46:37 - server.services.engine_class - INFO - placed item 300 in the queue waiting to be dispatched to the decoder
2026-08-13 13:46:37 - server.services.engine_class - INFO - consuming token of length 5907 of id 300
2026-08-13 13:46:37 - server.services.ttsServices - INFO - Token 40 : 4096 bytes in 5.786269790000006 seconds
2026-08-13 13:46:38 - server.services.ttsServices - INFO - Token 50 : 4096 bytes in 7.109103740999672 seconds
2026-08-13 13:46:38 - server.services.engine_class - INFO - placed item 400 in the queue waiting to be dispatched to the decoder
2026-08-13 13:46:38 - server.services.engine_class - INFO - consuming token of length 7869 of id 400
2026-08-13 13:46:39 - server.services.ttsServices - INFO - Token 60 : 4096 bytes in 8.43589734599982 seconds
2026-08-13 13:46:40 - server.services.engine_class - INFO - placed item 500 in the queue waiting to be dispatched to the decoder
2026-08-13 13:46:40 - server.services.engine_class - INFO - consuming token of length 9833 of id 500
2026-08-13 13:46:41 - server.services.ttsServices - INFO - Token 70 : 4096 bytes in 9.742445771999883 seconds
2026-08-13 13:46:42 - server.services.ttsServices - INFO - Token 80 : 4096 bytes in 11.062284673999784 seconds
2026-08-13 13:46:42 - server.services.engine_class - INFO - placed item 600 in the queue waiting to be dispatched to the decoder
2026-08-13 13:46:42 - server.services.engine_class - INFO - consuming token of length 11794 of id 600
2026-08-13 13:46:43 - server.services.ttsServices - INFO - Token 90 : 4096 bytes in 12.378628060999745 seconds
2026-08-13 13:46:44 - server.services.engine_class - INFO - placed item 700 in the queue waiting to be dispatched to the decoder
2026-08-13 13:46:44 - server.services.engine_class - INFO - consuming token of length 13759 of id 700
2026-08-13 13:46:45 - server.services.decoder - INFO - putting chunk generated from the decoder with index 100 in decoder queue
2026-08-13 13:46:45 - server.services.decoder - INFO - getting audio chunk 100 from decoder queue consumer to stream to the backend
2026-08-13 13:46:45 - server.services.ttsServices - INFO - Token 100 : 4096 bytes in 13.70130868499973 seconds
2026-08-13 13:46:46 - server.services.ttsServices - INFO - Token 110 : 4096 bytes in 15.01751437699977 seconds
2026-08-13 13:46:46 - server.services.engine_class - INFO - placed item 800 in the queue waiting to be dispatched to the decoder
2026-08-13 13:46:46 - server.services.engine_class - INFO - consuming token of length 15719 of id 800
2026-08-13 13:46:47 - server.services.ttsServices - INFO - Token 120 : 4096 bytes in 16.32944962199963 seconds
2026-08-13 13:46:48 - server.services.engine_class - INFO - placed item 900 in the queue waiting to be dispatched to the decoder
2026-08-13 13:46:48 - server.services.engine_class - INFO - consuming token of length 17681 of id 900
2026-08-13 13:46:49 - server.services.ttsServices - INFO - Token 130 : 4096 bytes in 17.643541055999776 seconds
2026-08-13 13:46:50 - server.services.engine_class - INFO - placed item 1000 in the queue waiting to be dispatched to the decoder
2026-08-13 13:46:50 - server.services.engine_class - INFO - consuming token of length 19645 of id 1000
2026-08-13 13:46:50 - server.services.ttsServices - INFO - Token 140 : 4096 bytes in 18.963362136999876 seconds
2026-08-13 13:46:51 - server.services.ttsServices - INFO - Token 150 : 4096 bytes in 20.28651881199994 seconds
2026-08-13 13:46:52 - server.services.engine_class - INFO - placed item 1100 in the queue waiting to be dispatched to the decoder
2026-08-13 13:46:52 - server.services.engine_class - INFO - consuming token of length 21609 of id 1100
2026-08-13 13:46:52 - server.services.ttsServices - INFO - Token 160 : 4096 bytes in 21.61679769400007 seconds
2026-08-13 13:46:53 - server.services.engine_class - INFO - placed item 1200 in the queue waiting to be dispatched to the decoder
2026-08-13 13:46:53 - server.services.engine_class - INFO - consuming token of length 23569 of id 1200
2026-08-13 13:46:54 - server.services.ttsServices - INFO - Token 170 : 4096 bytes in 22.947575591999794 seconds
2026-08-13 13:46:55 - server.services.engine_class - INFO - placed item 1300 in the queue waiting to be dispatched to the decoder
2026-08-13 13:46:55 - server.services.engine_class - INFO - consuming token of length 25246 of id 1300
2026-08-13 13:46:56 - server.services.ttsServices - INFO - Time for sentence  No worries—please tell me the role you're interviewing for and give a brief, metric-based summary of one relevant achievement from your recent work (e.g., improved performance by X%, reduced costs by : 24.68423159599979
2026-08-13 13:46:56 - server.services.engine_class - INFO - placed item 0 in the queue waiting to be dispatched to the decoder
2026-08-13 13:46:56 - server.services.engine_class - INFO - consuming token of length 18 of id 0
2026-08-13 13:46:56 - server.services.decoder - INFO - putting chunk generated from the decoder with index 0 in decoder queue
2026-08-13 13:46:56 - server.services.decoder - INFO - getting audio chunk 0 from decoder queue consumer to stream to the backend
2026-08-13 13:46:56 - server.services.ttsServices - INFO - Token 0 : 4096 bytes in 0.5414601490001587 seconds
2026-08-13 13:46:56 - server.services.ttsServices - INFO - TTFT for  Y, etc.). is 0.5415228900001239
2026-08-13 13:46:57 - server.services.ttsServices - INFO - Token 10 : 4096 bytes in 1.804440096000235 seconds
2026-08-13 13:46:57 - server.services.engine_class - INFO - placed item 100 in the queue waiting to be dispatched to the decoder
2026-08-13 13:46:57 - server.services.engine_class - INFO - consuming token of length 1978 of id 100
2026-08-13 13:46:59 - server.services.ttsServices - INFO - Token 20 : 4096 bytes in 3.0995729350001966 seconds
2026-08-13 13:46:59 - server.services.ttsServices - INFO - Time for sentence  Y, etc.). : 3.6301079360000585
2026-08-13 13:46:59 - server.services.engine_class - INFO - placed item 0 in the queue waiting to be dispatched to the decoder
2026-08-13 13:46:59 - server.services.engine_class - INFO - consuming token of length 18 of id 0
2026-08-13 13:47:00 - server.services.decoder - INFO - putting chunk generated from the decoder with index 0 in decoder queue
2026-08-13 13:47:00 - server.services.decoder - INFO - getting audio chunk 0 from decoder queue consumer to stream to the backend
2026-08-13 13:47:00 - server.services.ttsServices - INFO - Token 0 : 4096 bytes in 0.5384600880001926 seconds
2026-08-13 13:47:00 - server.services.ttsServices - INFO - TTFT for  If you’re not sure yet, describe your strongest domain and a concrete result you’re proud of. is 0.5384979089999433
2026-08-13 13:47:01 - server.services.ttsServices - INFO - Token 10 : 4096 bytes in 1.816186843000196 seconds
2026-08-13 13:47:01 - server.services.engine_class - INFO - placed item 100 in the queue waiting to be dispatched to the decoder
2026-08-13 13:47:01 - server.services.engine_class - INFO - consuming token of length 1980 of id 100
2026-08-13 13:47:02 - server.services.ttsServices - INFO - Token 20 : 4096 bytes in 3.121789235000051 seconds
2026-08-13 13:47:03 - server.services.engine_class - INFO - placed item 200 in the queue waiting to be dispatched to the decoder
2026-08-13 13:47:03 - server.services.engine_class - INFO - consuming token of length 3943 of id 200
2026-08-13 13:47:04 - server.services.ttsServices - INFO - Token 30 : 4096 bytes in 4.435446582000168 seconds
2026-08-13 13:47:05 - server.services.engine_class - INFO - placed item 300 in the queue waiting to be dispatched to the decoder
2026-08-13 13:47:05 - server.services.engine_class - INFO - consuming token of length 5909 of id 300
2026-08-13 13:47:05 - server.services.ttsServices - INFO - Token 40 : 4096 bytes in 5.79045109100025 seconds
2026-08-13 13:47:06 - server.services.ttsServices - INFO - Token 50 : 4096 bytes in 7.092738265000207 seconds
2026-08-13 13:47:07 - server.services.engine_class - INFO - placed item 400 in the queue waiting to be dispatched to the decoder
2026-08-13 13:47:07 - server.services.engine_class - INFO - consuming token of length 7872 of id 400
2026-08-13 13:47:08 - server.services.ttsServices - INFO - Token 60 : 4096 bytes in 8.394497022999985 seconds
2026-08-13 13:47:09 - server.services.engine_class - INFO - placed item 500 in the queue waiting to be dispatched to the decoder
2026-08-13 13:47:09 - server.services.engine_class - INFO - consuming token of length 9834 of id 500
2026-08-13 13:47:09 - server.services.ttsServices - INFO - Token 70 : 4096 bytes in 9.709571809999943 seconds
2026-08-13 13:47:10 - server.services.ttsServices - INFO - Time for sentence  If you’re not sure yet, describe your strongest domain and a concrete result you’re proud of. : 11.112998491000326
2026-08-13 13:47:11 - server.services.engine_class - INFO - placed item 0 in the queue waiting to be dispatched to the decoder
2026-08-13 13:47:11 - server.services.engine_class - INFO - consuming token of length 18 of id 0
2026-08-13 13:47:11 - server.services.decoder - INFO - putting chunk generated from the decoder with index 0 in decoder queue
2026-08-13 13:47:11 - server.services.decoder - INFO - getting audio chunk 0 from decoder queue consumer to stream to the backend
2026-08-13 13:47:11 - server.services.ttsServices - INFO - Token 0 : 4096 bytes in 0.5370728779998899 seconds
2026-08-13 13:47:11 - server.services.ttsServices - INFO - TTFT for Hello, thanks for the update. is 0.5371110189998944
2026-08-13 13:47:13 - server.services.ttsServices - INFO - Token 10 : 4096 bytes in 1.8245709520001583 seconds
2026-08-13 13:47:13 - server.services.engine_class - INFO - placed item 100 in the queue waiting to be dispatched to the decoder
2026-08-13 13:47:13 - server.services.engine_class - INFO - consuming token of length 1972 of id 100
2026-08-13 13:47:14 - server.services.ttsServices - INFO - Token 20 : 4096 bytes in 3.131729575999998 seconds
2026-08-13 13:47:15 - server.services.engine_class - INFO - placed item 200 in the queue waiting to be dispatched to the decoder
2026-08-13 13:47:15 - server.services.engine_class - INFO - consuming token of length 3937 of id 200
2026-08-13 13:47:15 - server.services.ttsServices - INFO - Time for sentence Hello, thanks for the update. : 4.439442757000052
2026-08-13 13:47:16 - server.services.engine_class - INFO - placed item 0 in the queue waiting to be dispatched to the decoder
2026-08-13 13:47:16 - server.services.engine_class - INFO - consuming token of length 18 of id 0
2026-08-13 13:47:16 - server.services.decoder - INFO - putting chunk generated from the decoder with index 0 in decoder queue
2026-08-13 13:47:16 - server.services.decoder - INFO - getting audio chunk 0 from decoder queue consumer to stream to the backend
2026-08-13 13:47:16 - server.services.ttsServices - INFO - Token 0 : 4096 bytes in 0.5371569070002806 seconds
2026-08-13 13:47:16 - server.services.ttsServices - INFO - TTFT for  The error “Only base64 data is allowed” usually means the service expects a base64-encoded payload but received non-base64 data. is 0.5371971870004018
2026-08-13 13:47:17 - server.services.ttsServices - INFO - Token 10 : 4096 bytes in 1.822570530000121 seconds
2026-08-13 13:47:17 - server.services.engine_class - INFO - placed item 100 in the queue waiting to be dispatched to the decoder
2026-08-13 13:47:17 - server.services.engine_class - INFO - consuming token of length 1987 of id 100
2026-08-13 13:47:19 - server.services.ttsServices - INFO - Token 20 : 4096 bytes in 3.1366085640001984 seconds
2026-08-13 13:47:19 - server.services.engine_class - INFO - placed item 200 in the queue waiting to be dispatched to the decoder
2026-08-13 13:47:19 - server.services.engine_class - INFO - consuming token of length 3950 of id 200
2026-08-13 13:47:20 - server.services.ttsServices - INFO - Token 30 : 4096 bytes in 4.4545952310004395 seconds
2026-08-13 13:47:21 - server.services.engine_class - INFO - placed item 300 in the queue waiting to be dispatched to the decoder
2026-08-13 13:47:21 - server.services.engine_class - INFO - consuming token of length 5909 of id 300
2026-08-13 13:47:21 - server.services.ttsServices - INFO - Token 40 : 4096 bytes in 5.773163795000073 seconds
2026-08-13 13:47:23 - server.services.ttsServices - INFO - Token 50 : 4096 bytes in 7.0881949820000045 seconds
2026-08-13 13:47:23 - server.services.engine_class - INFO - placed item 400 in the queue waiting to be dispatched to the decoder
2026-08-13 13:47:23 - server.services.engine_class - INFO - consuming token of length 7864 of id 400
2026-08-13 13:47:24 - server.services.ttsServices - INFO - Token 60 : 4096 bytes in 8.405622741000116 seconds
2026-08-13 13:47:25 - server.services.engine_class - INFO - placed item 500 in the queue waiting to be dispatched to the decoder
2026-08-13 13:47:25 - server.services.engine_class - INFO - consuming token of length 9824 of id 500
2026-08-13 13:47:25 - server.services.ttsServices - INFO - Token 70 : 4096 bytes in 9.724301898000249 seconds
2026-08-13 13:47:27 - server.services.ttsServices - INFO - Token 80 : 4096 bytes in 11.041692716000398 seconds
2026-08-13 13:47:27 - server.services.engine_class - INFO - placed item 600 in the queue waiting to be dispatched to the decoder
2026-08-13 13:47:27 - server.services.engine_class - INFO - consuming token of length 11784 of id 600
2026-08-13 13:47:28 - server.services.ttsServices - INFO - Token 90 : 4096 bytes in 12.361873292000382 seconds
2026-08-13 13:47:29 - server.services.engine_class - INFO - placed item 700 in the queue waiting to be dispatched to the decoder
2026-08-13 13:47:29 - server.services.engine_class - INFO - consuming token of length 13748 of id 700
2026-08-13 13:47:29 - server.services.decoder - INFO - putting chunk generated from the decoder with index 100 in decoder queue
2026-08-13 13:47:29 - server.services.decoder - INFO - getting audio chunk 100 from decoder queue consumer to stream to the backend
2026-08-13 13:47:29 - server.services.ttsServices - INFO - Token 100 : 4096 bytes in 13.687697405000108 seconds
2026-08-13 13:47:31 - server.services.ttsServices - INFO - Token 110 : 4096 bytes in 15.013533537000058 seconds
2026-08-13 13:47:31 - server.services.engine_class - INFO - placed item 800 in the queue waiting to be dispatched to the decoder
2026-08-13 13:47:31 - server.services.engine_class - INFO - consuming token of length 15708 of id 800
2026-08-13 13:47:32 - server.services.ttsServices - INFO - Token 120 : 4096 bytes in 16.33748692400013 seconds
2026-08-13 13:47:33 - server.services.engine_class - INFO - placed item 900 in the queue waiting to be dispatched to the decoder
2026-08-13 13:47:33 - server.services.engine_class - INFO - consuming token of length 17671 of id 900
2026-08-13 13:47:33 - server.services.ttsServices - INFO - Token 130 : 4096 bytes in 17.665106957000262 seconds
2026-08-13 13:47:34 - server.services.ttsServices - INFO - Time for sentence  The error “Only base64 data is allowed” usually means the service expects a base64-encoded payload but received non-base64 data. : 18.016348315000414
2026-08-13 13:47:34 - server.services.engine_class - INFO - placed item 0 in the queue waiting to be dispatched to the decoder
2026-08-13 13:47:34 - server.services.engine_class - INFO - consuming token of length 18 of id 0
2026-08-13 13:47:34 - server.services.decoder - INFO - putting chunk generated from the decoder with index 0 in decoder queue
2026-08-13 13:47:34 - server.services.decoder - INFO - getting audio chunk 0 from decoder queue consumer to stream to the backend
2026-08-13 13:47:34 - server.services.ttsServices - INFO - Token 0 : 4096 bytes in 0.5358274569998684 seconds
2026-08-13 13:47:34 - server.services.ttsServices - INFO - TTFT for  Could you share where this occurs (frontend, API, batch job), the language/framework, and the exact action you performed? is 0.5358650379998835
2026-08-13 13:47:36 - server.services.ttsServices - INFO - Token 10 : 4096 bytes in 1.8450156009998864 seconds
2026-08-13 13:47:36 - server.services.engine_class - INFO - placed item 100 in the queue waiting to be dispatched to the decoder
2026-08-13 13:47:36 - server.services.engine_class - INFO - consuming token of length 1979 of id 100
2026-08-13 13:47:37 - server.services.ttsServices - INFO - Token 20 : 4096 bytes in 3.2085990390000916 seconds
2026-08-13 13:47:38 - server.services.engine_class - INFO - placed item 200 in the queue waiting to be dispatched to the decoder
2026-08-13 13:47:38 - server.services.engine_class - INFO - consuming token of length 3941 of id 200
2026-08-13 13:47:38 - server.services.ttsServices - INFO - Token 30 : 4096 bytes in 4.533962626000175 seconds
2026-08-13 13:47:39 - server.services.engine_class - INFO - placed item 300 in the queue waiting to be dispatched to the decoder
2026-08-13 13:47:39 - server.services.engine_class - INFO - consuming token of length 5904 of id 300
2026-08-13 13:47:40 - server.services.ttsServices - INFO - Token 40 : 4096 bytes in 5.863570505000098 seconds
2026-08-13 13:47:41 - server.services.ttsServices - INFO - Token 50 : 4096 bytes in 7.187257148000299 seconds
2026-08-13 13:47:41 - server.services.engine_class - INFO - placed item 400 in the queue waiting to be dispatched to the decoder
2026-08-13 13:47:41 - server.services.engine_class - INFO - consuming token of length 7862 of id 400
2026-08-13 13:47:42 - server.services.ttsServices - INFO - Token 60 : 4096 bytes in 8.510994922000009 seconds
2026-08-13 13:47:43 - server.services.engine_class - INFO - placed item 500 in the queue waiting to be dispatched to the decoder
2026-08-13 13:47:43 - server.services.engine_class - INFO - consuming token of length 9822 of id 500
2026-08-13 13:47:44 - server.services.ttsServices - INFO - Token 70 : 4096 bytes in 9.833218474000205 seconds
2026-08-13 13:47:45 - server.services.ttsServices - INFO - Token 80 : 4096 bytes in 11.153798972000004 seconds
2026-08-13 13:47:45 - server.services.engine_class - INFO - placed item 600 in the queue waiting to be dispatched to the decoder
2026-08-13 13:47:45 - server.services.engine_class - INFO - consuming token of length 11785 of id 600
2026-08-13 13:47:46 - server.services.ttsServices - INFO - Token 90 : 4096 bytes in 12.481413659000282 seconds
2026-08-13 13:47:47 - server.services.engine_class - INFO - placed item 700 in the queue waiting to be dispatched to the decoder
2026-08-13 13:47:47 - server.services.engine_class - INFO - consuming token of length 13749 of id 700
2026-08-13 13:47:48 - server.services.decoder - INFO - putting chunk generated from the decoder with index 100 in decoder queue
2026-08-13 13:47:48 - server.services.decoder - INFO - getting audio chunk 100 from decoder queue consumer to stream to the backend
2026-08-13 13:47:48 - server.services.ttsServices - INFO - Token 100 : 4096 bytes in 13.80907732500009 seconds
2026-08-13 13:47:49 - server.services.ttsServices - INFO - Time for sentence  Could you share where this occurs (frontend, API, batch job), the language/framework, and the exact action you performed? : 14.827358753000226
2026-08-13 13:47:49 - server.services.engine_class - INFO - placed item 0 in the queue waiting to be dispatched to the decoder
2026-08-13 13:47:49 - server.services.engine_class - INFO - consuming token of length 18 of id 0
2026-08-13 13:47:50 - server.services.decoder - INFO - putting chunk generated from the decoder with index 0 in decoder queue
2026-08-13 13:47:50 - server.services.decoder - INFO - getting audio chunk 0 from decoder queue consumer to stream to the backend
2026-08-13 13:47:50 - server.services.ttsServices - INFO - Token 0 : 4096 bytes in 0.5362628020002376 seconds
2026-08-13 13:47:50 - server.services.ttsServices - INFO - TTFT for  If possible, provide a minimal repro or redacted payload. is 0.5363011130002633
2026-08-13 13:47:51 - server.services.ttsServices - INFO - Token 10 : 4096 bytes in 1.8251931260001584 seconds
2026-08-13 13:47:51 - server.services.engine_class - INFO - placed item 100 in the queue waiting to be dispatched to the decoder
2026-08-13 13:47:51 - server.services.engine_class - INFO - consuming token of length 1979 of id 100
2026-08-13 13:47:52 - server.services.ttsServices - INFO - Token 20 : 4096 bytes in 3.1302257600000303 seconds
2026-08-13 13:47:53 - server.services.engine_class - INFO - placed item 200 in the queue waiting to be dispatched to the decoder
2026-08-13 13:47:53 - server.services.engine_class - INFO - consuming token of length 3940 of id 200
2026-08-13 13:47:53 - server.services.ttsServices - INFO - Token 30 : 4096 bytes in 4.435323515000164 seconds
2026-08-13 13:47:55 - server.services.engine_class - INFO - placed item 300 in the queue waiting to be dispatched to the decoder
2026-08-13 13:47:55 - server.services.engine_class - INFO - consuming token of length 5904 of id 300
2026-08-13 13:47:55 - server.services.ttsServices - INFO - Token 40 : 4096 bytes in 5.765257819999988 seconds
2026-08-13 13:47:56 - server.services.ttsServices - INFO - Token 50 : 4096 bytes in 7.084829883000111 seconds
2026-08-13 13:47:56 - server.services.engine_class - INFO - placed item 400 in the queue waiting to be dispatched to the decoder
2026-08-13 13:47:56 - server.services.engine_class - INFO - consuming token of length 7871 of id 400
2026-08-13 13:47:57 - server.services.ttsServices - INFO - Token 60 : 4096 bytes in 8.443731594000383 seconds
2026-08-13 13:47:58 - server.services.engine_class - INFO - placed item 500 in the queue waiting to be dispatched to the decoder
2026-08-13 13:47:58 - server.services.engine_class - INFO - consuming token of length 9318 of id 500
2026-08-13 13:47:59 - server.services.ttsServices - INFO - Time for sentence  If possible, provide a minimal repro or redacted payload. : 9.662448368000241
2026-08-13 13:47:59 - server.services.engine_class - INFO - placed item 0 in the queue waiting to be dispatched to the decoder
2026-08-13 13:47:59 - server.services.engine_class - INFO - consuming token of length 18 of id 0
2026-08-13 13:47:59 - server.services.decoder - INFO - putting chunk generated from the decoder with index 0 in decoder queue
2026-08-13 13:47:59 - server.services.decoder - INFO - getting audio chunk 0 from decoder queue consumer to stream to the backend
2026-08-13 13:47:59 - server.services.ttsServices - INFO - Token 0 : 4096 bytes in 0.5430929059998562 seconds
2026-08-13 13:47:59 - server.services.ttsServices - INFO - TTFT for  Now, a related interview question: is 0.5431269869995958
2026-08-13 13:48:01 - server.services.ttsServices - INFO - Token 10 : 4096 bytes in 1.8216621389997272 seconds
2026-08-13 13:48:01 - server.services.engine_class - INFO - placed item 100 in the queue waiting to be dispatched to the decoder
2026-08-13 13:48:01 - server.services.engine_class - INFO - consuming token of length 1976 of id 100
2026-08-13 13:48:02 - server.services.ttsServices - INFO - Token 20 : 4096 bytes in 3.123188345000017 seconds
2026-08-13 13:48:03 - server.services.engine_class - INFO - placed item 200 in the queue waiting to be dispatched to the decoder
2026-08-13 13:48:03 - server.services.engine_class - INFO - consuming token of length 3936 of id 200
2026-08-13 13:48:03 - server.services.ttsServices - INFO - Token 30 : 4096 bytes in 4.4371865319999415 seconds
2026-08-13 13:48:04 - server.services.ttsServices - INFO - Time for sentence  Now, a related interview question: : 5.294442712999626
2026-08-13 13:48:05 - server.services.engine_class - INFO - placed item 0 in the queue waiting to be dispatched to the decoder
2026-08-13 13:48:05 - server.services.engine_class - INFO - consuming token of length 18 of id 0
2026-08-13 13:48:05 - server.services.decoder - INFO - putting chunk generated from the decoder with index 0 in decoder queue
2026-08-13 13:48:05 - server.services.decoder - INFO - getting audio chunk 0 from decoder queue consumer to stream to the backend
2026-08-13 13:48:05 - server.services.ttsServices - INFO - Token 0 : 4096 bytes in 0.5395040499997776 seconds
2026-08-13 13:48:05 - server.services.ttsServices - INFO - TTFT for  describe a time you diagnosed and fixed a data-encoding bug (such as base64) in a production system. is 0.5395410999999513
2026-08-13 13:48:06 - server.services.ttsServices - INFO - Token 10 : 4096 bytes in 1.834552698999687 seconds
2026-08-13 13:48:06 - server.services.engine_class - INFO - placed item 100 in the queue waiting to be dispatched to the decoder
2026-08-13 13:48:06 - server.services.engine_class - INFO - consuming token of length 1980 of id 100
2026-08-13 13:48:08 - server.services.ttsServices - INFO - Token 20 : 4096 bytes in 3.1582757869996385 seconds
2026-08-13 13:48:08 - server.services.engine_class - INFO - placed item 200 in the queue waiting to be dispatched to the decoder
2026-08-13 13:48:08 - server.services.engine_class - INFO - consuming token of length 3946 of id 200
2026-08-13 13:48:09 - server.services.ttsServices - INFO - Token 30 : 4096 bytes in 4.483768207999674 seconds
2026-08-13 13:48:10 - server.services.engine_class - INFO - placed item 300 in the queue waiting to be dispatched to the decoder
2026-08-13 13:48:10 - server.services.engine_class - INFO - consuming token of length 5910 of id 300
2026-08-13 13:48:10 - server.services.ttsServices - INFO - Token 40 : 4096 bytes in 5.812068537999949 seconds
2026-08-13 13:48:12 - server.services.ttsServices - INFO - Token 50 : 4096 bytes in 7.139195811999798 seconds
2026-08-13 13:48:12 - server.services.engine_class - INFO - placed item 400 in the queue waiting to be dispatched to the decoder
2026-08-13 13:48:12 - server.services.engine_class - INFO - consuming token of length 7873 of id 400
2026-08-13 13:48:13 - server.services.ttsServices - INFO - Token 60 : 4096 bytes in 8.46748356099988 seconds
2026-08-13 13:48:14 - server.services.engine_class - INFO - placed item 500 in the queue waiting to be dispatched to the decoder
2026-08-13 13:48:14 - server.services.engine_class - INFO - consuming token of length 9835 of id 500
2026-08-13 13:48:14 - server.services.ttsServices - INFO - Token 70 : 4096 bytes in 9.79534339499969 seconds
2026-08-13 13:48:16 - server.services.ttsServices - INFO - Token 80 : 4096 bytes in 11.151920386999791 seconds
2026-08-13 13:48:16 - server.services.engine_class - INFO - placed item 600 in the queue waiting to be dispatched to the decoder
2026-08-13 13:48:16 - server.services.engine_class - INFO - consuming token of length 11795 of id 600
2026-08-13 13:48:18 - server.services.ttsServices - INFO - Time for sentence  describe a time you diagnosed and fixed a data-encoding bug (such as base64) in a production system. : 12.938188825999987
2026-08-13 13:48:18 - server.services.engine_class - INFO - placed item 0 in the queue waiting to be dispatched to the decoder
2026-08-13 13:48:18 - server.services.engine_class - INFO - consuming token of length 18 of id 0
2026-08-13 13:48:18 - server.services.decoder - INFO - putting chunk generated from the decoder with index 0 in decoder queue
2026-08-13 13:48:18 - server.services.decoder - INFO - getting audio chunk 0 from decoder queue consumer to stream to the backend
2026-08-13 13:48:18 - server.services.ttsServices - INFO - Token 0 : 4096 bytes in 0.5389209840000149 seconds
2026-08-13 13:48:18 - server.services.ttsServices - INFO - TTFT for  What was the root cause, what steps did you take, and how did you verify the fix? is 0.5389619249999669
2026-08-13 13:48:20 - server.services.ttsServices - INFO - Token 10 : 4096 bytes in 1.8341477560002204 seconds
2026-08-13 13:48:20 - server.services.engine_class - INFO - placed item 100 in the queue waiting to be dispatched to the decoder
2026-08-13 13:48:20 - server.services.engine_class - INFO - consuming token of length 1978 of id 100
2026-08-13 13:48:21 - server.services.ttsServices - INFO - Token 20 : 4096 bytes in 3.1546507299999575 seconds
2026-08-13 13:48:22 - server.services.engine_class - INFO - placed item 200 in the queue waiting to be dispatched to the decoder
2026-08-13 13:48:22 - server.services.engine_class - INFO - consuming token of length 3937 of id 200
2026-08-13 13:48:22 - server.services.ttsServices - INFO - Token 30 : 4096 bytes in 4.472958703000131 seconds
2026-08-13 13:48:24 - server.services.engine_class - INFO - placed item 300 in the queue waiting to be dispatched to the decoder
2026-08-13 13:48:24 - server.services.engine_class - INFO - consuming token of length 5900 of id 300
2026-08-13 13:48:24 - server.services.ttsServices - INFO - Token 40 : 4096 bytes in 5.795966420999775 seconds
2026-08-13 13:48:25 - server.services.ttsServices - INFO - Token 50 : 4096 bytes in 7.1214705839997805 seconds
2026-08-13 13:48:25 - server.services.engine_class - INFO - placed item 400 in the queue waiting to be dispatched to the decoder
2026-08-13 13:48:25 - server.services.engine_class - INFO - consuming token of length 7862 of id 400
2026-08-13 13:48:26 - server.services.ttsServices - INFO - Token 60 : 4096 bytes in 8.443777713000145 seconds
2026-08-13 13:48:27 - server.services.engine_class - INFO - placed item 500 in the queue waiting to be dispatched to the decoder
2026-08-13 13:48:27 - server.services.engine_class - INFO - consuming token of length 9823 of id 500
2026-08-13 13:48:28 - server.services.ttsServices - INFO - Token 70 : 4096 bytes in 9.764857826000025 seconds
2026-08-13 13:48:29 - server.services.ttsServices - INFO - Token 80 : 4096 bytes in 11.088291449999815 seconds
2026-08-13 13:48:29 - server.services.engine_class - INFO - placed item 600 in the queue waiting to be dispatched to the decoder
2026-08-13 13:48:29 - server.services.engine_class - INFO - consuming token of length 11589 of id 600
2026-08-13 13:48:29 - server.services.ttsServices - INFO - Time for sentence  What was the root cause, what steps did you take, and how did you verify the fix? : 11.549886141000115
2026-08-13 13:49:42 - server.services.engine_class - INFO - placed item 0 in the queue waiting to be dispatched to the decoder
2026-08-13 13:49:42 - server.services.engine_class - INFO - consuming token of length 18 of id 0
2026-08-13 13:49:42 - server.services.decoder - INFO - putting chunk generated from the decoder with index 0 in decoder queue
2026-08-13 13:49:42 - server.services.decoder - INFO - getting audio chunk 0 from decoder queue consumer to stream to the backend
2026-08-13 13:49:42 - server.services.ttsServices - INFO - Token 0 : 4096 bytes in 0.5365603669997654 seconds
2026-08-13 13:49:42 - server.services.ttsServices - INFO - TTFT for Thanks for flagging that. is 0.5366115279998667
2026-08-13 13:49:44 - server.services.ttsServices - INFO - Token 10 : 4096 bytes in 1.829173585999797 seconds
2026-08-13 13:49:44 - server.services.engine_class - INFO - placed item 100 in the queue waiting to be dispatched to the decoder
2026-08-13 13:49:44 - server.services.engine_class - INFO - consuming token of length 1973 of id 100
2026-08-13 13:49:45 - server.services.ttsServices - INFO - Time for sentence Thanks for flagging that. : 3.45065526999997
2026-08-13 13:49:45 - server.services.engine_class - INFO - placed item 0 in the queue waiting to be dispatched to the decoder
2026-08-13 13:49:45 - server.services.engine_class - INFO - consuming token of length 18 of id 0
2026-08-13 13:49:46 - server.services.decoder - INFO - putting chunk generated from the decoder with index 0 in decoder queue
2026-08-13 13:49:46 - server.services.decoder - INFO - getting audio chunk 0 from decoder queue consumer to stream to the backend
2026-08-13 13:49:46 - server.services.ttsServices - INFO - Token 0 : 4096 bytes in 0.5399230230000285 seconds
2026-08-13 13:49:46 - server.services.ttsServices - INFO - TTFT for  It seems the system expects base64-encoded input. is 0.5399643229998219
2026-08-13 13:49:47 - server.services.ttsServices - INFO - Token 10 : 4096 bytes in 1.8332439619998695 seconds
2026-08-13 13:49:47 - server.services.engine_class - INFO - placed item 100 in the queue waiting to be dispatched to the decoder
2026-08-13 13:49:47 - server.services.engine_class - INFO - consuming token of length 1979 of id 100
2026-08-13 13:49:48 - server.services.ttsServices - INFO - Token 20 : 4096 bytes in 3.163894727999832 seconds
2026-08-13 13:49:49 - server.services.engine_class - INFO - placed item 200 in the queue waiting to be dispatched to the decoder
2026-08-13 13:49:49 - server.services.engine_class - INFO - consuming token of length 3941 of id 200
2026-08-13 13:49:50 - server.services.ttsServices - INFO - Token 30 : 4096 bytes in 4.480386993000138 seconds
2026-08-13 13:49:51 - server.services.engine_class - INFO - placed item 300 in the queue waiting to be dispatched to the decoder
2026-08-13 13:49:51 - server.services.engine_class - INFO - consuming token of length 5900 of id 300
2026-08-13 13:49:51 - server.services.ttsServices - INFO - Token 40 : 4096 bytes in 5.808729044999836 seconds
2026-08-13 13:49:52 - server.services.ttsServices - INFO - Token 50 : 4096 bytes in 7.141404391999913 seconds
2026-08-13 13:49:53 - server.services.engine_class - INFO - placed item 400 in the queue waiting to be dispatched to the decoder
2026-08-13 13:49:53 - server.services.engine_class - INFO - consuming token of length 7739 of id 400
2026-08-13 13:49:53 - server.services.ttsServices - INFO - Time for sentence  It seems the system expects base64-encoded input. : 7.864699605000169
2026-08-13 13:49:54 - server.services.engine_class - INFO - placed item 0 in the queue waiting to be dispatched to the decoder
2026-08-13 13:49:54 - server.services.engine_class - INFO - consuming token of length 18 of id 0
2026-08-13 13:49:54 - server.services.decoder - INFO - putting chunk generated from the decoder with index 0 in decoder queue
2026-08-13 13:49:54 - server.services.decoder - INFO - getting audio chunk 0 from decoder queue consumer to stream to the backend
2026-08-13 13:49:54 - server.services.ttsServices - INFO - Token 0 : 4096 bytes in 0.5398502480002207 seconds
2026-08-13 13:49:54 - server.services.ttsServices - INFO - TTFT for  Could you share the exact data you attempted to submit (or describe the file/type) and the full error message? is 0.539887459000056
2026-08-13 13:49:55 - server.services.ttsServices - INFO - Token 10 : 4096 bytes in 1.8319386429998303 seconds
2026-08-13 13:49:55 - server.services.engine_class - INFO - placed item 100 in the queue waiting to be dispatched to the decoder
2026-08-13 13:49:55 - server.services.engine_class - INFO - consuming token of length 1978 of id 100
2026-08-13 13:49:57 - server.services.ttsServices - INFO - Token 20 : 4096 bytes in 3.1485532579999926 seconds
2026-08-13 13:49:57 - server.services.engine_class - INFO - placed item 200 in the queue waiting to be dispatched to the decoder
2026-08-13 13:49:57 - server.services.engine_class - INFO - consuming token of length 3944 of id 200
2026-08-13 13:49:58 - server.services.ttsServices - INFO - Token 30 : 4096 bytes in 4.4702144150001 seconds
2026-08-13 13:49:59 - server.services.engine_class - INFO - placed item 300 in the queue waiting to be dispatched to the decoder
2026-08-13 13:49:59 - server.services.engine_class - INFO - consuming token of length 5909 of id 300
2026-08-13 13:49:59 - server.services.ttsServices - INFO - Token 40 : 4096 bytes in 5.791404548000173 seconds
2026-08-13 13:50:01 - server.services.ttsServices - INFO - Token 50 : 4096 bytes in 7.117129943000236 seconds
2026-08-13 13:50:01 - server.services.engine_class - INFO - placed item 400 in the queue waiting to be dispatched to the decoder
2026-08-13 13:50:01 - server.services.engine_class - INFO - consuming token of length 7869 of id 400
2026-08-13 13:50:02 - server.services.ttsServices - INFO - Token 60 : 4096 bytes in 8.44059958600019 seconds
2026-08-13 13:50:03 - server.services.engine_class - INFO - placed item 500 in the queue waiting to be dispatched to the decoder
2026-08-13 13:50:03 - server.services.engine_class - INFO - consuming token of length 9829 of id 500
2026-08-13 13:50:03 - server.services.ttsServices - INFO - Token 70 : 4096 bytes in 9.762639097999909 seconds
2026-08-13 13:50:05 - server.services.engine_class - INFO - placed item 600 in the queue waiting to be dispatched to the decoder
2026-08-13 13:50:05 - server.services.engine_class - INFO - consuming token of length 11793 of id 600
2026-08-13 13:50:05 - server.services.ttsServices - INFO - Token 80 : 4096 bytes in 11.729287285000282 seconds
2026-08-13 13:50:06 - server.services.ttsServices - INFO - Time for sentence  Could you share the exact data you attempted to submit (or describe the file/type) and the full error message? : 12.225219170999935
2026-08-13 13:50:06 - server.services.engine_class - INFO - placed item 0 in the queue waiting to be dispatched to the decoder
2026-08-13 13:50:06 - server.services.engine_class - INFO - consuming token of length 18 of id 0
2026-08-13 13:50:06 - server.services.decoder - INFO - putting chunk generated from the decoder with index 0 in decoder queue
2026-08-13 13:50:06 - server.services.decoder - INFO - getting audio chunk 0 from decoder queue consumer to stream to the backend
2026-08-13 13:50:06 - server.services.ttsServices - INFO - Token 0 : 4096 bytes in 0.5388398430000052 seconds
2026-08-13 13:50:06 - server.services.ttsServices - INFO - TTFT for  If you paste the base64 here, I can help validate it and spot common issues (padding with =, proper line breaks, URL-safe alphabet). is 0.5388791440000205
2026-08-13 13:50:08 - server.services.ttsServices - INFO - Token 10 : 4096 bytes in 1.8281925149999552 seconds
2026-08-13 13:50:08 - server.services.engine_class - INFO - placed item 100 in the queue waiting to be dispatched to the decoder
2026-08-13 13:50:08 - server.services.engine_class - INFO - consuming token of length 1984 of id 100
2026-08-13 13:50:09 - server.services.ttsServices - INFO - Token 20 : 4096 bytes in 3.1413822399999844 seconds
2026-08-13 13:50:10 - server.services.engine_class - INFO - placed item 200 in the queue waiting to be dispatched to the decoder
2026-08-13 13:50:10 - server.services.engine_class - INFO - consuming token of length 3945 of id 200
2026-08-13 13:50:10 - server.services.ttsServices - INFO - Token 30 : 4096 bytes in 4.457922803000201 seconds
2026-08-13 13:50:11 - server.services.engine_class - INFO - placed item 300 in the queue waiting to be dispatched to the decoder
2026-08-13 13:50:11 - server.services.engine_class - INFO - consuming token of length 5909 of id 300
2026-08-13 13:50:12 - server.services.ttsServices - INFO - Token 40 : 4096 bytes in 5.780049887000132 seconds
2026-08-13 13:50:13 - server.services.ttsServices - INFO - Token 50 : 4096 bytes in 7.116825220999999 seconds
2026-08-13 13:50:13 - server.services.engine_class - INFO - placed item 400 in the queue waiting to be dispatched to the decoder
2026-08-13 13:50:13 - server.services.engine_class - INFO - consuming token of length 7871 of id 400
2026-08-13 13:50:14 - server.services.ttsServices - INFO - Token 60 : 4096 bytes in 8.45509815000014 seconds
2026-08-13 13:50:15 - server.services.engine_class - INFO - placed item 500 in the queue waiting to be dispatched to the decoder
2026-08-13 13:50:15 - server.services.engine_class - INFO - consuming token of length 9831 of id 500
2026-08-13 13:50:16 - server.services.ttsServices - INFO - Token 70 : 4096 bytes in 9.775208824999936 seconds
2026-08-13 13:50:17 - server.services.ttsServices - INFO - Token 80 : 4096 bytes in 11.12541311699988 seconds
2026-08-13 13:50:17 - server.services.engine_class - INFO - placed item 600 in the queue waiting to be dispatched to the decoder
2026-08-13 13:50:17 - server.services.engine_class - INFO - consuming token of length 11794 of id 600
2026-08-13 13:50:18 - server.services.ttsServices - INFO - Token 90 : 4096 bytes in 12.455297807000079 seconds
2026-08-13 13:50:19 - server.services.engine_class - INFO - placed item 700 in the queue waiting to be dispatched to the decoder
2026-08-13 13:50:19 - server.services.engine_class - INFO - consuming token of length 13759 of id 700
2026-08-13 13:50:20 - server.services.decoder - INFO - putting chunk generated from the decoder with index 100 in decoder queue
2026-08-13 13:50:20 - server.services.decoder - INFO - getting audio chunk 100 from decoder queue consumer to stream to the backend
2026-08-13 13:50:20 - server.services.ttsServices - INFO - Token 100 : 4096 bytes in 13.78879054700019 seconds
2026-08-13 13:50:21 - server.services.ttsServices - INFO - Token 110 : 4096 bytes in 15.118943251000019 seconds
2026-08-13 13:50:21 - server.services.engine_class - INFO - placed item 800 in the queue waiting to be dispatched to the decoder
2026-08-13 13:50:21 - server.services.engine_class - INFO - consuming token of length 15721 of id 800
2026-08-13 13:50:22 - server.services.ttsServices - INFO - Token 120 : 4096 bytes in 16.452282619000016 seconds
2026-08-13 13:50:23 - server.services.engine_class - INFO - placed item 900 in the queue waiting to be dispatched to the decoder
2026-08-13 13:50:23 - server.services.engine_class - INFO - consuming token of length 17684 of id 900
2026-08-13 13:50:24 - server.services.ttsServices - INFO - Time for sentence  If you paste the base64 here, I can help validate it and spot common issues (padding with =, proper line breaks, URL-safe alphabet). : 17.766373099999782
2026-08-13 13:50:24 - server.services.engine_class - INFO - placed item 0 in the queue waiting to be dispatched to the decoder
2026-08-13 13:50:24 - server.services.engine_class - INFO - consuming token of length 19 of id 0
2026-08-13 13:50:25 - server.services.decoder - INFO - putting chunk generated from the decoder with index 0 in decoder queue
2026-08-13 13:50:25 - server.services.decoder - INFO - getting audio chunk 0 from decoder queue consumer to stream to the backend
2026-08-13 13:50:25 - server.services.ttsServices - INFO - Token 0 : 4096 bytes in 0.5391666720001922 seconds
2026-08-13 13:50:25 - server.services.ttsServices - INFO - TTFT for  Also tell me your use case (image, JSON payload, or file upload) and the language/tool you’re using, so I can tailor debugging steps. is 0.53920428299989
2026-08-13 13:50:26 - server.services.ttsServices - INFO - Token 10 : 4096 bytes in 1.8345015220002097 seconds
2026-08-13 13:50:26 - server.services.engine_class - INFO - placed item 100 in the queue waiting to be dispatched to the decoder
2026-08-13 13:50:26 - server.services.engine_class - INFO - consuming token of length 1979 of id 100
2026-08-13 13:50:27 - server.services.ttsServices - INFO - Token 20 : 4096 bytes in 3.152238053000019 seconds
2026-08-13 13:50:28 - server.services.engine_class - INFO - placed item 200 in the queue waiting to be dispatched to the decoder
2026-08-13 13:50:28 - server.services.engine_class - INFO - consuming token of length 3942 of id 200
2026-08-13 13:50:29 - server.services.ttsServices - INFO - Token 30 : 4096 bytes in 4.4602210789998935 seconds
2026-08-13 13:50:30 - server.services.engine_class - INFO - placed item 300 in the queue waiting to be dispatched to the decoder
2026-08-13 13:50:30 - server.services.engine_class - INFO - consuming token of length 5905 of id 300
2026-08-13 13:50:30 - server.services.ttsServices - INFO - Token 40 : 4096 bytes in 5.772099189000073 seconds
2026-08-13 13:50:31 - server.services.ttsServices - INFO - Token 50 : 4096 bytes in 7.089100955000049 seconds
2026-08-13 13:50:32 - server.services.engine_class - INFO - placed item 400 in the queue waiting to be dispatched to the decoder
2026-08-13 13:50:32 - server.services.engine_class - INFO - consuming token of length 7868 of id 400
2026-08-13 13:50:33 - server.services.ttsServices - INFO - Token 60 : 4096 bytes in 8.41091167400009 seconds
2026-08-13 13:50:34 - server.services.engine_class - INFO - placed item 500 in the queue waiting to be dispatched to the decoder
2026-08-13 13:50:34 - server.services.engine_class - INFO - consuming token of length 9827 of id 500
2026-08-13 13:50:34 - server.services.ttsServices - INFO - Token 70 : 4096 bytes in 9.731258813000295 seconds
2026-08-13 13:50:35 - server.services.ttsServices - INFO - Token 80 : 4096 bytes in 11.048957966000216 seconds
2026-08-13 13:50:35 - server.services.engine_class - INFO - placed item 600 in the queue waiting to be dispatched to the decoder
2026-08-13 13:50:35 - server.services.engine_class - INFO - consuming token of length 11793 of id 600
2026-08-13 13:50:36 - server.services.ttsServices - INFO - Token 90 : 4096 bytes in 12.375669032000133 seconds
2026-08-13 13:50:37 - server.services.engine_class - INFO - placed item 700 in the queue waiting to be dispatched to the decoder
2026-08-13 13:50:37 - server.services.engine_class - INFO - consuming token of length 13758 of id 700
2026-08-13 13:50:38 - server.services.decoder - INFO - putting chunk generated from the decoder with index 100 in decoder queue
2026-08-13 13:50:38 - server.services.decoder - INFO - getting audio chunk 100 from decoder queue consumer to stream to the backend
2026-08-13 13:50:38 - server.services.ttsServices - INFO - Token 100 : 4096 bytes in 13.709908860000269 seconds
2026-08-13 13:50:39 - server.services.ttsServices - INFO - Token 110 : 4096 bytes in 15.041647314000329 seconds
2026-08-13 13:50:39 - server.services.engine_class - INFO - placed item 800 in the queue waiting to be dispatched to the decoder
2026-08-13 13:50:39 - server.services.engine_class - INFO - consuming token of length 15717 of id 800
2026-08-13 13:50:40 - server.services.ttsServices - INFO - Time for sentence  Also tell me your use case (image, JSON payload, or file upload) and the language/tool you’re using, so I can tailor debugging steps. : 16.380922120999912
2026-08-13 14:18:53 - server.services.engine_class - INFO - placed item 0 in the queue waiting to be dispatched to the decoder
2026-08-13 14:18:53 - server.services.engine_class - INFO - consuming token of length 18 of id 0
2026-08-13 14:18:53 - server.services.decoder - INFO - putting chunk generated from the decoder with index 0 in decoder queue
2026-08-13 14:18:53 - server.services.decoder - INFO - getting audio chunk 0 from decoder queue consumer to stream to the backend
2026-08-13 14:18:53 - server.services.ttsServices - INFO - Token 0 : 4096 bytes in 0.5443206190002456 seconds
2026-08-13 14:18:53 - server.services.ttsServices - INFO - TTFT for Hello, nice to meet you. is 0.5443629400006103
2026-08-13 14:18:54 - server.services.ttsServices - INFO - Token 10 : 4096 bytes in 1.8309303980004188 seconds
2026-08-13 14:18:54 - server.services.engine_class - INFO - placed item 100 in the queue waiting to be dispatched to the decoder
2026-08-13 14:18:54 - server.services.engine_class - INFO - consuming token of length 1976 of id 100
2026-08-13 14:18:56 - server.services.ttsServices - INFO - Token 20 : 4096 bytes in 3.1502320079998753 seconds
2026-08-13 14:18:56 - server.services.engine_class - INFO - placed item 200 in the queue waiting to be dispatched to the decoder
2026-08-13 14:18:56 - server.services.engine_class - INFO - consuming token of length 3939 of id 200
2026-08-13 14:18:57 - server.services.ttsServices - INFO - Time for sentence Hello, nice to meet you. : 4.768472062000001
2026-08-13 14:18:58 - server.services.engine_class - INFO - placed item 0 in the queue waiting to be dispatched to the decoder
2026-08-13 14:18:58 - server.services.engine_class - INFO - consuming token of length 18 of id 0
2026-08-13 14:18:58 - server.services.decoder - INFO - putting chunk generated from the decoder with index 0 in decoder queue
2026-08-13 14:18:58 - server.services.decoder - INFO - getting audio chunk 0 from decoder queue consumer to stream to the backend
2026-08-13 14:18:58 - server.services.ttsServices - INFO - Token 0 : 4096 bytes in 0.5372418609995293 seconds
2026-08-13 14:18:58 - server.services.ttsServices - INFO - TTFT for  To start, could you share a brief overview of your background and the role you’re pursuing? is 0.5372811119996186
2026-08-13 14:19:00 - server.services.engine_class - INFO - placed item 100 in the queue waiting to be dispatched to the decoder
2026-08-13 14:19:00 - server.services.engine_class - INFO - consuming token of length 1977 of id 100
2026-08-13 14:19:00 - server.services.ttsServices - INFO - Token 10 : 4096 bytes in 2.456606068999463 seconds
2026-08-13 14:19:02 - server.services.engine_class - INFO - placed item 200 in the queue waiting to be dispatched to the decoder
2026-08-13 14:19:02 - server.services.engine_class - INFO - consuming token of length 3935 of id 200
2026-08-13 14:19:02 - server.services.ttsServices - INFO - Token 20 : 4096 bytes in 3.7802819290000116 seconds
2026-08-13 14:19:03 - server.services.ttsServices - INFO - Token 30 : 4096 bytes in 5.105631741999787 seconds
2026-08-13 14:19:03 - server.services.engine_class - INFO - placed item 300 in the queue waiting to be dispatched to the decoder
2026-08-13 14:19:03 - server.services.engine_class - INFO - consuming token of length 5900 of id 300
2026-08-13 14:19:04 - server.services.ttsServices - INFO - Token 40 : 4096 bytes in 6.422778268000002 seconds
2026-08-13 14:19:05 - server.services.engine_class - INFO - placed item 400 in the queue waiting to be dispatched to the decoder
2026-08-13 14:19:05 - server.services.engine_class - INFO - consuming token of length 7863 of id 400
2026-08-13 14:19:06 - server.services.ttsServices - INFO - Time for sentence  To start, could you share a brief overview of your background and the role you’re pursuing? : 8.169289878999734
2026-08-13 14:19:06 - server.services.engine_class - INFO - placed item 0 in the queue waiting to be dispatched to the decoder
2026-08-13 14:19:06 - server.services.engine_class - INFO - consuming token of length 18 of id 0
2026-08-13 14:19:07 - server.services.decoder - INFO - putting chunk generated from the decoder with index 0 in decoder queue
2026-08-13 14:19:07 - server.services.decoder - INFO - getting audio chunk 0 from decoder queue consumer to stream to the backend
2026-08-13 14:19:07 - server.services.ttsServices - INFO - Token 0 : 4096 bytes in 0.5368790299999091 seconds
2026-08-13 14:19:07 - server.services.ttsServices - INFO - TTFT for  What single achievement best demonstrates your fit for this position, and why would it matter to the team? is 0.5369172010005059
2026-08-13 14:19:08 - server.services.ttsServices - INFO - Token 10 : 4096 bytes in 1.821179698999913 seconds
2026-08-13 14:19:08 - server.services.engine_class - INFO - placed item 100 in the queue waiting to be dispatched to the decoder
2026-08-13 14:19:08 - server.services.engine_class - INFO - consuming token of length 1976 of id 100
2026-08-13 14:19:09 - server.services.ttsServices - INFO - Token 20 : 4096 bytes in 3.1463157690004664 seconds
2026-08-13 14:19:10 - server.services.engine_class - INFO - placed item 200 in the queue waiting to be dispatched to the decoder
2026-08-13 14:19:10 - server.services.engine_class - INFO - consuming token of length 3938 of id 200
2026-08-13 14:19:11 - server.services.ttsServices - INFO - Token 30 : 4096 bytes in 4.454443896000157 seconds
2026-08-13 14:19:12 - server.services.engine_class - INFO - placed item 300 in the queue waiting to be dispatched to the decoder
2026-08-13 14:19:12 - server.services.engine_class - INFO - consuming token of length 5901 of id 300
2026-08-13 14:19:12 - server.services.ttsServices - INFO - Token 40 : 4096 bytes in 5.767971115999899 seconds
2026-08-13 14:19:13 - server.services.ttsServices - INFO - Token 50 : 4096 bytes in 7.088706466000076 seconds
2026-08-13 14:19:14 - server.services.engine_class - INFO - placed item 400 in the queue waiting to be dispatched to the decoder
2026-08-13 14:19:14 - server.services.engine_class - INFO - consuming token of length 7866 of id 400
2026-08-13 14:19:15 - server.services.ttsServices - INFO - Token 60 : 4096 bytes in 8.405693534999955 seconds
2026-08-13 14:19:16 - server.services.engine_class - INFO - placed item 500 in the queue waiting to be dispatched to the decoder
2026-08-13 14:19:16 - server.services.engine_class - INFO - consuming token of length 9827 of id 500
2026-08-13 14:19:16 - server.services.ttsServices - INFO - Token 70 : 4096 bytes in 9.734437875000367 seconds
2026-08-13 14:19:17 - server.services.engine_class - INFO - placed item 600 in the queue waiting to be dispatched to the decoder
2026-08-13 14:19:17 - server.services.engine_class - INFO - consuming token of length 11503 of id 600
2026-08-13 14:19:17 - server.services.ttsServices - INFO - Time for sentence  What single achievement best demonstrates your fit for this position, and why would it matter to the team? : 11.2932074320006
2026-08-13 14:20:38 - server.services.engine_class - INFO - placed item 0 in the queue waiting to be dispatched to the decoder
2026-08-13 14:20:38 - server.services.engine_class - INFO - consuming token of length 18 of id 0
2026-08-13 14:20:38 - server.services.decoder - INFO - putting chunk generated from the decoder with index 0 in decoder queue
2026-08-13 14:20:38 - server.services.decoder - INFO - getting audio chunk 0 from decoder queue consumer to stream to the backend
2026-08-13 14:20:38 - server.services.ttsServices - INFO - Token 0 : 4096 bytes in 0.5379939140002534 seconds
2026-08-13 14:20:38 - server.services.ttsServices - INFO - TTFT for Hello, nice to meet you. is 0.5380334940000466
2026-08-13 14:20:39 - server.services.ttsServices - INFO - Token 10 : 4096 bytes in 1.8137823240003854 seconds
2026-08-13 14:20:39 - server.services.engine_class - INFO - placed item 100 in the queue waiting to be dispatched to the decoder
2026-08-13 14:20:39 - server.services.engine_class - INFO - consuming token of length 1976 of id 100
2026-08-13 14:20:41 - server.services.ttsServices - INFO - Token 20 : 4096 bytes in 3.1099345920001724 seconds
2026-08-13 14:20:41 - server.services.engine_class - INFO - placed item 200 in the queue waiting to be dispatched to the decoder
2026-08-13 14:20:41 - server.services.engine_class - INFO - consuming token of length 3512 of id 200
2026-08-13 14:20:42 - server.services.ttsServices - INFO - Time for sentence Hello, nice to meet you. : 4.1064798639999935
2026-08-13 14:20:42 - server.services.engine_class - INFO - placed item 0 in the queue waiting to be dispatched to the decoder
2026-08-13 14:20:42 - server.services.engine_class - INFO - consuming token of length 18 of id 0
2026-08-13 14:20:42 - server.services.decoder - INFO - putting chunk generated from the decoder with index 0 in decoder queue
2026-08-13 14:20:42 - server.services.decoder - INFO - getting audio chunk 0 from decoder queue consumer to stream to the backend
2026-08-13 14:20:42 - server.services.ttsServices - INFO - Token 0 : 4096 bytes in 0.5388374889998886 seconds
2026-08-13 14:20:42 - server.services.ttsServices - INFO - TTFT for  To tailor this interview, please tell me which role and level you’re interviewing for, and share a brief snapshot of a relevant project or achievement. is 0.5388756889997239
2026-08-13 14:20:44 - server.services.ttsServices - INFO - Token 10 : 4096 bytes in 1.8303033660004076 seconds
2026-08-13 14:20:44 - server.services.engine_class - INFO - placed item 100 in the queue waiting to be dispatched to the decoder
2026-08-13 14:20:44 - server.services.engine_class - INFO - consuming token of length 1975 of id 100
2026-08-13 14:20:45 - server.services.ttsServices - INFO - Token 20 : 4096 bytes in 3.146493432999705 seconds
2026-08-13 14:20:46 - server.services.engine_class - INFO - placed item 200 in the queue waiting to be dispatched to the decoder
2026-08-13 14:20:46 - server.services.engine_class - INFO - consuming token of length 3939 of id 200
2026-08-13 14:20:46 - server.services.ttsServices - INFO - Token 30 : 4096 bytes in 4.46663281400015 seconds
2026-08-13 14:20:48 - server.services.engine_class - INFO - placed item 300 in the queue waiting to be dispatched to the decoder
2026-08-13 14:20:48 - server.services.engine_class - INFO - consuming token of length 5903 of id 300
2026-08-13 14:20:48 - server.services.ttsServices - INFO - Token 40 : 4096 bytes in 5.782429345999844 seconds
2026-08-13 14:20:49 - server.services.ttsServices - INFO - Token 50 : 4096 bytes in 7.105241854000269 seconds
2026-08-13 14:20:49 - server.services.engine_class - INFO - placed item 400 in the queue waiting to be dispatched to the decoder
2026-08-13 14:20:49 - server.services.engine_class - INFO - consuming token of length 7862 of id 400
2026-08-13 14:20:50 - server.services.ttsServices - INFO - Token 60 : 4096 bytes in 8.435083618000135 seconds
2026-08-13 14:20:51 - server.services.engine_class - INFO - placed item 500 in the queue waiting to be dispatched to the decoder
2026-08-13 14:20:51 - server.services.engine_class - INFO - consuming token of length 9821 of id 500
2026-08-13 14:20:52 - server.services.ttsServices - INFO - Token 70 : 4096 bytes in 9.76474941000015 seconds
2026-08-13 14:20:53 - server.services.ttsServices - INFO - Token 80 : 4096 bytes in 11.093260695999561 seconds
2026-08-13 14:20:53 - server.services.engine_class - INFO - placed item 600 in the queue waiting to be dispatched to the decoder
2026-08-13 14:20:53 - server.services.engine_class - INFO - consuming token of length 11781 of id 600
2026-08-13 14:20:54 - server.services.ttsServices - INFO - Token 90 : 4096 bytes in 12.412238322000121 seconds
2026-08-13 14:20:55 - server.services.engine_class - INFO - placed item 700 in the queue waiting to be dispatched to the decoder
2026-08-13 14:20:55 - server.services.engine_class - INFO - consuming token of length 13736 of id 700
2026-08-13 14:20:56 - server.services.decoder - INFO - putting chunk generated from the decoder with index 100 in decoder queue
2026-08-13 14:20:56 - server.services.decoder - INFO - getting audio chunk 100 from decoder queue consumer to stream to the backend
2026-08-13 14:20:56 - server.services.ttsServices - INFO - Token 100 : 4096 bytes in 13.738546118000158 seconds
2026-08-13 14:20:57 - server.services.ttsServices - INFO - Token 110 : 4096 bytes in 15.060192324000127 seconds
2026-08-13 14:20:57 - server.services.engine_class - INFO - placed item 800 in the queue waiting to be dispatched to the decoder
2026-08-13 14:20:57 - server.services.engine_class - INFO - consuming token of length 15697 of id 800
2026-08-13 14:20:58 - server.services.ttsServices - INFO - Token 120 : 4096 bytes in 16.40221417599969 seconds
2026-08-13 14:20:59 - server.services.engine_class - INFO - placed item 900 in the queue waiting to be dispatched to the decoder
2026-08-13 14:20:59 - server.services.engine_class - INFO - consuming token of length 17659 of id 900
2026-08-13 14:20:59 - server.services.ttsServices - INFO - Time for sentence  To tailor this interview, please tell me which role and level you’re interviewing for, and share a brief snapshot of a relevant project or achievement. : 17.58537302500008
2026-08-13 14:21:00 - server.services.engine_class - INFO - placed item 0 in the queue waiting to be dispatched to the decoder
2026-08-13 14:21:00 - server.services.engine_class - INFO - consuming token of length 18 of id 0
2026-08-13 14:21:00 - server.services.decoder - INFO - putting chunk generated from the decoder with index 0 in decoder queue
2026-08-13 14:21:00 - server.services.decoder - INFO - getting audio chunk 0 from decoder queue consumer to stream to the backend
2026-08-13 14:21:00 - server.services.ttsServices - INFO - Token 0 : 4096 bytes in 0.5385062839995953 seconds
2026-08-13 14:21:00 - server.services.ttsServices - INFO - TTFT for  If you’re ready, we’ll start with a behavioral question: is 0.5385453839999172
2026-08-13 14:21:02 - server.services.ttsServices - INFO - Token 10 : 4096 bytes in 1.8359321839998302 seconds
2026-08-13 14:21:02 - server.services.engine_class - INFO - placed item 100 in the queue waiting to be dispatched to the decoder
2026-08-13 14:21:02 - server.services.engine_class - INFO - consuming token of length 1979 of id 100
2026-08-13 14:21:03 - server.services.ttsServices - INFO - Token 20 : 4096 bytes in 3.1560301210001853 seconds
2026-08-13 14:21:04 - server.services.engine_class - INFO - placed item 200 in the queue waiting to be dispatched to the decoder
2026-08-13 14:21:04 - server.services.engine_class - INFO - consuming token of length 3943 of id 200
2026-08-13 14:21:04 - server.services.ttsServices - INFO - Token 30 : 4096 bytes in 4.475484669000252 seconds
2026-08-13 14:21:05 - server.services.ttsServices - INFO - Time for sentence  If you’re ready, we’ll start with a behavioral question: : 5.392466387999775
2026-08-13 14:21:06 - server.services.engine_class - INFO - placed item 0 in the queue waiting to be dispatched to the decoder
2026-08-13 14:21:06 - server.services.engine_class - INFO - consuming token of length 18 of id 0
2026-08-13 14:21:06 - server.services.decoder - INFO - putting chunk generated from the decoder with index 0 in decoder queue
2026-08-13 14:21:06 - server.services.decoder - INFO - getting audio chunk 0 from decoder queue consumer to stream to the backend
2026-08-13 14:21:06 - server.services.ttsServices - INFO - Token 0 : 4096 bytes in 0.5377424640000754 seconds
2026-08-13 14:21:06 - server.services.ttsServices - INFO - TTFT for  describe a time you had to work with a difficult stakeholder and how you handled it. is 0.5377827339998476
2026-08-13 14:21:07 - server.services.ttsServices - INFO - Token 10 : 4096 bytes in 1.8304084900000817 seconds
2026-08-13 14:21:07 - server.services.engine_class - INFO - placed item 100 in the queue waiting to be dispatched to the decoder
2026-08-13 14:21:07 - server.services.engine_class - INFO - consuming token of length 1974 of id 100
2026-08-13 14:21:09 - server.services.ttsServices - INFO - Token 20 : 4096 bytes in 3.153599757999473 seconds
2026-08-13 14:21:09 - server.services.engine_class - INFO - placed item 200 in the queue waiting to be dispatched to the decoder
2026-08-13 14:21:09 - server.services.engine_class - INFO - consuming token of length 3933 of id 200
2026-08-13 14:21:10 - server.services.ttsServices - INFO - Token 30 : 4096 bytes in 4.476140675999886 seconds
2026-08-13 14:21:11 - server.services.engine_class - INFO - placed item 300 in the queue waiting to be dispatched to the decoder
2026-08-13 14:21:11 - server.services.engine_class - INFO - consuming token of length 5894 of id 300
2026-08-13 14:21:11 - server.services.ttsServices - INFO - Token 40 : 4096 bytes in 5.803218377000121 seconds
2026-08-13 14:21:13 - server.services.ttsServices - INFO - Token 50 : 4096 bytes in 7.12885246299993 seconds
2026-08-13 14:21:13 - server.services.engine_class - INFO - placed item 400 in the queue waiting to be dispatched to the decoder
2026-08-13 14:21:13 - server.services.engine_class - INFO - consuming token of length 7854 of id 400
2026-08-13 14:21:14 - server.services.ttsServices - INFO - Token 60 : 4096 bytes in 8.453352349999477 seconds
2026-08-13 14:21:14 - server.services.ttsServices - INFO - Time for sentence  describe a time you had to work with a difficult stakeholder and how you handled it. : 8.982914337999318
2026-08-13 14:44:44 - server.services.engine_class - INFO - placed item 0 in the queue waiting to be dispatched to the decoder
2026-08-13 14:44:44 - server.services.engine_class - INFO - consuming token of length 18 of id 0
2026-08-13 14:44:45 - server.services.decoder - INFO - putting chunk generated from the decoder with index 0 in decoder queue
2026-08-13 14:44:45 - server.services.decoder - INFO - getting audio chunk 0 from decoder queue consumer to stream to the backend
2026-08-13 14:44:45 - server.services.ttsServices - INFO - Token 0 : 4096 bytes in 0.5380262589997074 seconds
2026-08-13 14:44:45 - server.services.ttsServices - INFO - TTFT for Hello, nice to meet you. is 0.5380671800003256
2026-08-13 14:44:46 - server.services.ttsServices - INFO - Token 10 : 4096 bytes in 1.8273099289999664 seconds
2026-08-13 14:44:46 - server.services.engine_class - INFO - placed item 100 in the queue waiting to be dispatched to the decoder
2026-08-13 14:44:46 - server.services.engine_class - INFO - consuming token of length 1980 of id 100
2026-08-13 14:44:47 - server.services.ttsServices - INFO - Token 20 : 4096 bytes in 3.143712424000114 seconds
2026-08-13 14:44:48 - server.services.engine_class - INFO - placed item 200 in the queue waiting to be dispatched to the decoder
2026-08-13 14:44:48 - server.services.engine_class - INFO - consuming token of length 3679 of id 200
2026-08-13 14:44:48 - server.services.ttsServices - INFO - Time for sentence Hello, nice to meet you. : 3.98929184500048
2026-08-13 14:44:48 - server.services.engine_class - INFO - placed item 0 in the queue waiting to be dispatched to the decoder
2026-08-13 14:44:48 - server.services.engine_class - INFO - consuming token of length 18 of id 0
2026-08-13 14:44:49 - server.services.decoder - INFO - putting chunk generated from the decoder with index 0 in decoder queue
2026-08-13 14:44:49 - server.services.decoder - INFO - getting audio chunk 0 from decoder queue consumer to stream to the backend
2026-08-13 14:44:49 - server.services.ttsServices - INFO - Token 0 : 4096 bytes in 0.5366007490001721 seconds
2026-08-13 14:44:49 - server.services.ttsServices - INFO - TTFT for  What role and seniority should I simulate, and in which industry? is 0.5366404289998172
2026-08-13 14:44:50 - server.services.ttsServices - INFO - Token 10 : 4096 bytes in 1.8246369009993941 seconds
2026-08-13 14:44:50 - server.services.engine_class - INFO - placed item 100 in the queue waiting to be dispatched to the decoder
2026-08-13 14:44:50 - server.services.engine_class - INFO - consuming token of length 1971 of id 100
2026-08-13 14:44:52 - server.services.ttsServices - INFO - Token 20 : 4096 bytes in 3.136959288000071 seconds
2026-08-13 14:44:52 - server.services.engine_class - INFO - placed item 200 in the queue waiting to be dispatched to the decoder
2026-08-13 14:44:52 - server.services.engine_class - INFO - consuming token of length 3935 of id 200
2026-08-13 14:44:53 - server.services.ttsServices - INFO - Token 30 : 4096 bytes in 4.451820821000183 seconds
2026-08-13 14:44:54 - server.services.engine_class - INFO - placed item 300 in the queue waiting to be dispatched to the decoder
2026-08-13 14:44:54 - server.services.engine_class - INFO - consuming token of length 5902 of id 300
2026-08-13 14:44:54 - server.services.ttsServices - INFO - Token 40 : 4096 bytes in 5.775020052999935 seconds
2026-08-13 14:44:56 - server.services.ttsServices - INFO - Token 50 : 4096 bytes in 7.097075554999719 seconds
2026-08-13 14:44:56 - server.services.engine_class - INFO - placed item 400 in the queue waiting to be dispatched to the decoder
2026-08-13 14:44:56 - server.services.engine_class - INFO - consuming token of length 7860 of id 400
2026-08-13 14:44:57 - server.services.ttsServices - INFO - Token 60 : 4096 bytes in 8.414294235999478 seconds
2026-08-13 14:44:58 - server.services.ttsServices - INFO - Time for sentence  What role and seniority should I simulate, and in which industry? : 9.183862808999947
2026-08-13 14:44:58 - server.services.engine_class - INFO - placed item 0 in the queue waiting to be dispatched to the decoder
2026-08-13 14:44:58 - server.services.engine_class - INFO - consuming token of length 18 of id 0
2026-08-13 14:44:59 - server.services.decoder - INFO - putting chunk generated from the decoder with index 0 in decoder queue
2026-08-13 14:44:59 - server.services.decoder - INFO - getting audio chunk 0 from decoder queue consumer to stream to the backend
2026-08-13 14:44:59 - server.services.ttsServices - INFO - Token 0 : 4096 bytes in 0.5410898050004107 seconds
2026-08-13 14:44:59 - server.services.ttsServices - INFO - TTFT for  Do you prefer I begin with a general opener like “Tell me about yourself” or jump into a role-specific question? is 0.5411279350000768
2026-08-13 14:45:00 - server.services.ttsServices - INFO - Token 10 : 4096 bytes in 1.831575187999988 seconds
2026-08-13 14:45:00 - server.services.engine_class - INFO - placed item 100 in the queue waiting to be dispatched to the decoder
2026-08-13 14:45:00 - server.services.engine_class - INFO - consuming token of length 1977 of id 100
2026-08-13 14:45:01 - server.services.ttsServices - INFO - Token 20 : 4096 bytes in 3.1499498350003705 seconds
2026-08-13 14:45:02 - server.services.engine_class - INFO - placed item 200 in the queue waiting to be dispatched to the decoder
2026-08-13 14:45:02 - server.services.engine_class - INFO - consuming token of length 3942 of id 200
2026-08-13 14:45:03 - server.services.ttsServices - INFO - Token 30 : 4096 bytes in 4.472126996000043 seconds
2026-08-13 14:45:04 - server.services.engine_class - INFO - placed item 300 in the queue waiting to be dispatched to the decoder
2026-08-13 14:45:04 - server.services.engine_class - INFO - consuming token of length 5905 of id 300
2026-08-13 14:45:04 - server.services.ttsServices - INFO - Token 40 : 4096 bytes in 5.792482880000534 seconds
2026-08-13 14:45:05 - server.services.ttsServices - INFO - Token 50 : 4096 bytes in 7.116438816000482 seconds
2026-08-13 14:45:06 - server.services.engine_class - INFO - placed item 400 in the queue waiting to be dispatched to the decoder
2026-08-13 14:45:06 - server.services.engine_class - INFO - consuming token of length 7867 of id 400
2026-08-13 14:45:07 - server.services.ttsServices - INFO - Token 60 : 4096 bytes in 8.43868486700012 seconds
2026-08-13 14:45:08 - server.services.engine_class - INFO - placed item 500 in the queue waiting to be dispatched to the decoder
2026-08-13 14:45:08 - server.services.engine_class - INFO - consuming token of length 9828 of id 500
2026-08-13 14:45:08 - server.services.ttsServices - INFO - Token 70 : 4096 bytes in 9.764312006000182 seconds
2026-08-13 14:45:09 - server.services.ttsServices - INFO - Token 80 : 4096 bytes in 11.093717138000102 seconds
2026-08-13 14:45:09 - server.services.engine_class - INFO - placed item 600 in the queue waiting to be dispatched to the decoder
2026-08-13 14:45:09 - server.services.engine_class - INFO - consuming token of length 11726 of id 600
2026-08-13 14:45:10 - server.services.ttsServices - INFO - Time for sentence  Do you prefer I begin with a general opener like “Tell me about yourself” or jump into a role-specific question? : 11.757129246000659
2026-08-13 14:45:10 - server.services.engine_class - INFO - placed item 0 in the queue waiting to be dispatched to the decoder
2026-08-13 14:45:10 - server.services.engine_class - INFO - consuming token of length 18 of id 0
2026-08-13 14:45:11 - server.services.decoder - INFO - putting chunk generated from the decoder with index 0 in decoder queue
2026-08-13 14:45:11 - server.services.decoder - INFO - getting audio chunk 0 from decoder queue consumer to stream to the backend
2026-08-13 14:45:11 - server.services.ttsServices - INFO - Token 0 : 4096 bytes in 0.5354263589997572 seconds
2026-08-13 14:45:11 - server.services.ttsServices - INFO - TTFT for  Are there any focus areas you want me to emphasize (technical skills, behavioral questions, leadership, case studies)? is 0.5354645589995926
2026-08-13 14:45:12 - server.services.ttsServices - INFO - Token 10 : 4096 bytes in 1.8270130619994234 seconds
2026-08-13 14:45:12 - server.services.engine_class - INFO - placed item 100 in the queue waiting to be dispatched to the decoder
2026-08-13 14:45:12 - server.services.engine_class - INFO - consuming token of length 1982 of id 100
2026-08-13 14:45:13 - server.services.ttsServices - INFO - Token 20 : 4096 bytes in 3.267056555999261 seconds
2026-08-13 14:45:14 - server.services.engine_class - INFO - placed item 200 in the queue waiting to be dispatched to the decoder
2026-08-13 14:45:14 - server.services.engine_class - INFO - consuming token of length 3945 of id 200
2026-08-13 14:45:15 - server.services.ttsServices - INFO - Token 30 : 4096 bytes in 4.585170960999676 seconds
2026-08-13 14:45:16 - server.services.engine_class - INFO - placed item 300 in the queue waiting to be dispatched to the decoder
2026-08-13 14:45:16 - server.services.engine_class - INFO - consuming token of length 5907 of id 300
2026-08-13 14:45:16 - server.services.ttsServices - INFO - Token 40 : 4096 bytes in 5.907927019999988 seconds
2026-08-13 14:45:17 - server.services.ttsServices - INFO - Token 50 : 4096 bytes in 7.224689075999777 seconds
2026-08-13 14:45:18 - server.services.engine_class - INFO - placed item 400 in the queue waiting to be dispatched to the decoder
2026-08-13 14:45:18 - server.services.engine_class - INFO - consuming token of length 7869 of id 400
2026-08-13 14:45:19 - server.services.ttsServices - INFO - Token 60 : 4096 bytes in 8.54516290399988 seconds
2026-08-13 14:45:19 - server.services.engine_class - INFO - placed item 500 in the queue waiting to be dispatched to the decoder
2026-08-13 14:45:19 - server.services.engine_class - INFO - consuming token of length 9832 of id 500
2026-08-13 14:45:20 - server.services.ttsServices - INFO - Token 70 : 4096 bytes in 9.894232741999986 seconds
2026-08-13 14:45:21 - server.services.ttsServices - INFO - Token 80 : 4096 bytes in 11.23224076599945 seconds
2026-08-13 14:45:21 - server.services.engine_class - INFO - placed item 600 in the queue waiting to be dispatched to the decoder
2026-08-13 14:45:21 - server.services.engine_class - INFO - consuming token of length 11788 of id 600
2026-08-13 14:45:23 - server.services.ttsServices - INFO - Token 90 : 4096 bytes in 12.561722290000034 seconds
2026-08-13 14:45:23 - server.services.engine_class - INFO - placed item 700 in the queue waiting to be dispatched to the decoder
2026-08-13 14:45:23 - server.services.engine_class - INFO - consuming token of length 13749 of id 700
2026-08-13 14:45:24 - server.services.ttsServices - INFO - Time for sentence  Are there any focus areas you want me to emphasize (technical skills, behavioral questions, leadership, case studies)? : 14.011792444999628
2026-08-13 14:46:24 - server.services.engine_class - INFO - placed item 0 in the queue waiting to be dispatched to the decoder
2026-08-13 14:46:24 - server.services.engine_class - INFO - consuming token of length 18 of id 0
2026-08-13 14:46:24 - server.services.decoder - INFO - putting chunk generated from the decoder with index 0 in decoder queue
2026-08-13 14:46:24 - server.services.decoder - INFO - getting audio chunk 0 from decoder queue consumer to stream to the backend
2026-08-13 14:46:24 - server.services.ttsServices - INFO - Token 0 : 4096 bytes in 0.5424746320004488 seconds
2026-08-13 14:46:24 - server.services.ttsServices - INFO - TTFT for Shalom! Great question—let me tailor it to the role. is 0.5425134819997766
2026-08-13 14:46:25 - server.services.ttsServices - INFO - Token 10 : 4096 bytes in 1.811520641000243 seconds
2026-08-13 14:46:25 - server.services.engine_class - INFO - placed item 100 in the queue waiting to be dispatched to the decoder
2026-08-13 14:46:25 - server.services.engine_class - INFO - consuming token of length 1979 of id 100
2026-08-13 14:46:27 - server.services.ttsServices - INFO - Token 20 : 4096 bytes in 3.1215139539999655 seconds
2026-08-13 14:46:27 - server.services.engine_class - INFO - placed item 200 in the queue waiting to be dispatched to the decoder
2026-08-13 14:46:27 - server.services.engine_class - INFO - consuming token of length 3940 of id 200
2026-08-13 14:46:28 - server.services.ttsServices - INFO - Token 30 : 4096 bytes in 4.438227769999685 seconds
2026-08-13 14:46:29 - server.services.engine_class - INFO - placed item 300 in the queue waiting to be dispatched to the decoder
2026-08-13 14:46:29 - server.services.engine_class - INFO - consuming token of length 5904 of id 300
2026-08-13 14:46:29 - server.services.ttsServices - INFO - Token 40 : 4096 bytes in 5.757519511000282 seconds
2026-08-13 14:46:31 - server.services.ttsServices - INFO - Token 50 : 4096 bytes in 7.081044941000073 seconds
2026-08-13 14:46:31 - server.services.engine_class - INFO - placed item 400 in the queue waiting to be dispatched to the decoder
2026-08-13 14:46:31 - server.services.engine_class - INFO - consuming token of length 7532 of id 400
2026-08-13 14:46:31 - server.services.ttsServices - INFO - Time for sentence Shalom! Great question—let me tailor it to the role. : 7.578651603999788
2026-08-13 14:46:31 - server.services.engine_class - INFO - placed item 0 in the queue waiting to be dispatched to the decoder
2026-08-13 14:46:31 - server.services.engine_class - INFO - consuming token of length 18 of id 0
2026-08-13 14:46:32 - server.services.decoder - INFO - putting chunk generated from the decoder with index 0 in decoder queue
2026-08-13 14:46:32 - server.services.decoder - INFO - getting audio chunk 0 from decoder queue consumer to stream to the backend
2026-08-13 14:46:32 - server.services.ttsServices - INFO - Token 0 : 4096 bytes in 0.5372176310002033 seconds
2026-08-13 14:46:32 - server.services.ttsServices - INFO - TTFT for  For a balanced interview, focus on technical skills (DSA, coding practice, and system design appropriate to the level), behavioral questions (communication, teamwork, conflict resolution), leadership is 0.5372576820000177
2026-08-13 14:46:33 - server.services.ttsServices - INFO - Token 10 : 4096 bytes in 1.8331161710002561 seconds
2026-08-13 14:46:33 - server.services.engine_class - INFO - placed item 100 in the queue waiting to be dispatched to the decoder
2026-08-13 14:46:33 - server.services.engine_class - INFO - consuming token of length 1973 of id 100
2026-08-13 14:46:34 - server.services.ttsServices - INFO - Token 20 : 4096 bytes in 3.1618642820003515 seconds
2026-08-13 14:46:35 - server.services.engine_class - INFO - placed item 200 in the queue waiting to be dispatched to the decoder
2026-08-13 14:46:35 - server.services.engine_class - INFO - consuming token of length 3938 of id 200
2026-08-13 14:46:36 - server.services.ttsServices - INFO - Token 30 : 4096 bytes in 4.487346458000502 seconds
2026-08-13 14:46:37 - server.services.engine_class - INFO - placed item 300 in the queue waiting to be dispatched to the decoder
2026-08-13 14:46:37 - server.services.engine_class - INFO - consuming token of length 5900 of id 300
2026-08-13 14:46:37 - server.services.ttsServices - INFO - Token 40 : 4096 bytes in 5.80823515100019 seconds
2026-08-13 14:46:38 - server.services.ttsServices - INFO - Token 50 : 4096 bytes in 7.137663901000451 seconds
2026-08-13 14:46:39 - server.services.engine_class - INFO - placed item 400 in the queue waiting to be dispatched to the decoder
2026-08-13 14:46:39 - server.services.engine_class - INFO - consuming token of length 7857 of id 400
2026-08-13 14:46:40 - server.services.ttsServices - INFO - Token 60 : 4096 bytes in 8.458087517000422 seconds
2026-08-13 14:46:41 - server.services.engine_class - INFO - placed item 500 in the queue waiting to be dispatched to the decoder
2026-08-13 14:46:41 - server.services.engine_class - INFO - consuming token of length 9818 of id 500
2026-08-13 14:46:41 - server.services.ttsServices - INFO - Token 70 : 4096 bytes in 9.786204579000696 seconds
2026-08-13 14:46:42 - server.services.ttsServices - INFO - Token 80 : 4096 bytes in 11.113040014000035 seconds
2026-08-13 14:46:43 - server.services.engine_class - INFO - placed item 600 in the queue waiting to be dispatched to the decoder
2026-08-13 14:46:43 - server.services.engine_class - INFO - consuming token of length 11782 of id 600
2026-08-13 14:46:44 - server.services.ttsServices - INFO - Token 90 : 4096 bytes in 12.44383462299993 seconds
2026-08-13 14:46:45 - server.services.engine_class - INFO - placed item 700 in the queue waiting to be dispatched to the decoder
2026-08-13 14:46:45 - server.services.engine_class - INFO - consuming token of length 13742 of id 700
2026-08-13 14:46:45 - server.services.decoder - INFO - putting chunk generated from the decoder with index 100 in decoder queue
2026-08-13 14:46:45 - server.services.decoder - INFO - getting audio chunk 100 from decoder queue consumer to stream to the backend
2026-08-13 14:46:45 - server.services.ttsServices - INFO - Token 100 : 4096 bytes in 13.77872410800046 seconds
2026-08-13 14:46:46 - server.services.ttsServices - INFO - Token 110 : 4096 bytes in 15.114724898000532 seconds
2026-08-13 14:46:46 - server.services.engine_class - INFO - placed item 800 in the queue waiting to be dispatched to the decoder
2026-08-13 14:46:46 - server.services.engine_class - INFO - consuming token of length 15700 of id 800
2026-08-13 14:46:48 - server.services.ttsServices - INFO - Token 120 : 4096 bytes in 16.44362118400022 seconds
2026-08-13 14:46:48 - server.services.engine_class - INFO - placed item 900 in the queue waiting to be dispatched to the decoder
2026-08-13 14:46:48 - server.services.engine_class - INFO - consuming token of length 17667 of id 900
2026-08-13 14:46:49 - server.services.ttsServices - INFO - Token 130 : 4096 bytes in 17.778377805000673 seconds
2026-08-13 14:46:50 - server.services.engine_class - INFO - placed item 1000 in the queue waiting to be dispatched to the decoder
2026-08-13 14:46:50 - server.services.engine_class - INFO - consuming token of length 19629 of id 1000
2026-08-13 14:46:50 - server.services.ttsServices - INFO - Token 140 : 4096 bytes in 19.111150478000127 seconds
2026-08-13 14:46:52 - server.services.ttsServices - INFO - Token 150 : 4096 bytes in 20.440789698000117 seconds
2026-08-13 14:46:52 - server.services.engine_class - INFO - placed item 1100 in the queue waiting to be dispatched to the decoder
2026-08-13 14:46:52 - server.services.engine_class - INFO - consuming token of length 21591 of id 1100
2026-08-13 14:46:53 - server.services.ttsServices - INFO - Token 160 : 4096 bytes in 21.90139633200033 seconds
2026-08-13 14:46:54 - server.services.engine_class - INFO - placed item 1200 in the queue waiting to be dispatched to the decoder
2026-08-13 14:46:54 - server.services.engine_class - INFO - consuming token of length 23551 of id 1200
2026-08-13 14:46:55 - server.services.ttsServices - INFO - Token 170 : 4096 bytes in 23.235943810000208 seconds
2026-08-13 14:46:56 - server.services.engine_class - INFO - placed item 1300 in the queue waiting to be dispatched to the decoder
2026-08-13 14:46:56 - server.services.engine_class - INFO - consuming token of length 25341 of id 1300
2026-08-13 14:46:56 - server.services.ttsServices - INFO - Time for sentence  For a balanced interview, focus on technical skills (DSA, coding practice, and system design appropriate to the level), behavioral questions (communication, teamwork, conflict resolution), leadership : 24.92244725100045
2026-08-13 14:46:56 - server.services.engine_class - INFO - placed item 0 in the queue waiting to be dispatched to the decoder
2026-08-13 14:46:56 - server.services.engine_class - INFO - consuming token of length 18 of id 0
2026-08-13 14:46:57 - server.services.decoder - INFO - putting chunk generated from the decoder with index 0 in decoder queue
2026-08-13 14:46:57 - server.services.decoder - INFO - getting audio chunk 0 from decoder queue consumer to stream to the backend
2026-08-13 14:46:57 - server.services.ttsServices - INFO - Token 0 : 4096 bytes in 0.5421806369995466 seconds
2026-08-13 14:46:57 - server.services.ttsServices - INFO - TTFT for  (ownership, mentoring, driving outcomes), and case studies (design or estimation problems). is 0.5422198369997204
2026-08-13 14:46:58 - server.services.ttsServices - INFO - Token 10 : 4096 bytes in 1.8248984570000175 seconds
2026-08-13 14:46:58 - server.services.engine_class - INFO - placed item 100 in the queue waiting to be dispatched to the decoder
2026-08-13 14:46:58 - server.services.engine_class - INFO - consuming token of length 1975 of id 100
2026-08-13 14:47:00 - server.services.ttsServices - INFO - Token 20 : 4096 bytes in 3.145155397000053 seconds
2026-08-13 14:47:00 - server.services.engine_class - INFO - placed item 200 in the queue waiting to be dispatched to the decoder
2026-08-13 14:47:00 - server.services.engine_class - INFO - consuming token of length 3934 of id 200
2026-08-13 14:47:01 - server.services.ttsServices - INFO - Token 30 : 4096 bytes in 4.468572711999514 seconds
2026-08-13 14:47:02 - server.services.engine_class - INFO - placed item 300 in the queue waiting to be dispatched to the decoder
2026-08-13 14:47:02 - server.services.engine_class - INFO - consuming token of length 5892 of id 300
2026-08-13 14:47:02 - server.services.ttsServices - INFO - Token 40 : 4096 bytes in 5.792241518999617 seconds
2026-08-13 14:47:04 - server.services.ttsServices - INFO - Token 50 : 4096 bytes in 7.1187392419997195 seconds
2026-08-13 14:47:04 - server.services.engine_class - INFO - placed item 400 in the queue waiting to be dispatched to the decoder
2026-08-13 14:47:04 - server.services.engine_class - INFO - consuming token of length 7852 of id 400
2026-08-13 14:47:05 - server.services.ttsServices - INFO - Token 60 : 4096 bytes in 8.44284492099996 seconds
2026-08-13 14:47:06 - server.services.engine_class - INFO - placed item 500 in the queue waiting to be dispatched to the decoder
2026-08-13 14:47:06 - server.services.engine_class - INFO - consuming token of length 9811 of id 500
2026-08-13 14:47:06 - server.services.ttsServices - INFO - Token 70 : 4096 bytes in 9.775167834000058 seconds
2026-08-13 14:47:08 - server.services.ttsServices - INFO - Token 80 : 4096 bytes in 11.108907686999373 seconds
2026-08-13 14:47:08 - server.services.engine_class - INFO - placed item 600 in the queue waiting to be dispatched to the decoder
2026-08-13 14:47:08 - server.services.engine_class - INFO - consuming token of length 11767 of id 600
2026-08-13 14:47:09 - server.services.ttsServices - INFO - Token 90 : 4096 bytes in 12.438675845000034 seconds
2026-08-13 14:47:10 - server.services.ttsServices - INFO - Time for sentence  (ownership, mentoring, driving outcomes), and case studies (design or estimation problems). : 13.076133154999297
2026-08-13 14:47:10 - server.services.engine_class - INFO - placed item 0 in the queue waiting to be dispatched to the decoder
2026-08-13 14:47:10 - server.services.engine_class - INFO - consuming token of length 18 of id 0
2026-08-13 14:47:11 - server.services.decoder - INFO - putting chunk generated from the decoder with index 0 in decoder queue
2026-08-13 14:47:11 - server.services.decoder - INFO - getting audio chunk 0 from decoder queue consumer to stream to the backend
2026-08-13 14:47:11 - server.services.ttsServices - INFO - Token 0 : 4096 bytes in 0.5380856780002432 seconds
2026-08-13 14:47:11 - server.services.ttsServices - INFO - TTFT for  If you share the target role and seniority, I’ll tailor the questions and structure; is 0.5381226789995708
2026-08-13 14:47:12 - server.services.ttsServices - INFO - Token 10 : 4096 bytes in 1.825515221000387 seconds
2026-08-13 14:47:12 - server.services.engine_class - INFO - placed item 100 in the queue waiting to be dispatched to the decoder
2026-08-13 14:47:12 - server.services.engine_class - INFO - consuming token of length 1980 of id 100
2026-08-13 14:47:13 - server.services.ttsServices - INFO - Token 20 : 4096 bytes in 3.1494641589997627 seconds
2026-08-13 14:47:14 - server.services.engine_class - INFO - placed item 200 in the queue waiting to be dispatched to the decoder
2026-08-13 14:47:14 - server.services.engine_class - INFO - consuming token of length 3942 of id 200
2026-08-13 14:47:15 - server.services.ttsServices - INFO - Token 30 : 4096 bytes in 4.482249249000233 seconds
2026-08-13 14:47:16 - server.services.engine_class - INFO - placed item 300 in the queue waiting to be dispatched to the decoder
2026-08-13 14:47:16 - server.services.engine_class - INFO - consuming token of length 5903 of id 300
2026-08-13 14:47:17 - server.services.ttsServices - INFO - Token 40 : 4096 bytes in 6.463855494999734 seconds
2026-08-13 14:47:18 - server.services.engine_class - INFO - placed item 400 in the queue waiting to be dispatched to the decoder
2026-08-13 14:47:18 - server.services.engine_class - INFO - consuming token of length 7867 of id 400
2026-08-13 14:47:18 - server.services.ttsServices - INFO - Token 50 : 4096 bytes in 7.799508334000166 seconds
2026-08-13 14:47:19 - server.services.ttsServices - INFO - Token 60 : 4096 bytes in 9.130795912999929 seconds
2026-08-13 14:47:20 - server.services.engine_class - INFO - placed item 500 in the queue waiting to be dispatched to the decoder
2026-08-13 14:47:20 - server.services.engine_class - INFO - consuming token of length 9830 of id 500
2026-08-13 14:47:21 - server.services.ttsServices - INFO - Time for sentence  If you share the target role and seniority, I’ll tailor the questions and structure; : 10.594169298999986
2026-08-13 14:47:21 - server.services.engine_class - INFO - placed item 0 in the queue waiting to be dispatched to the decoder
2026-08-13 14:47:21 - server.services.engine_class - INFO - consuming token of length 18 of id 0
2026-08-13 14:47:21 - server.services.decoder - INFO - putting chunk generated from the decoder with index 0 in decoder queue
2026-08-13 14:47:21 - server.services.decoder - INFO - getting audio chunk 0 from decoder queue consumer to stream to the backend
2026-08-13 14:47:21 - server.services.ttsServices - INFO - Token 0 : 4096 bytes in 0.5382188020003014 seconds
2026-08-13 14:47:21 - server.services.ttsServices - INFO - TTFT for  as a rule of thumb, a common split is 40–50% technical, 20–30% behavioral, 10–20% leadership, and 10–20% case studies. is 0.5382788220003931
2026-08-13 14:47:23 - server.services.ttsServices - INFO - Token 10 : 4096 bytes in 1.8308655350001573 seconds
2026-08-13 14:47:23 - server.services.engine_class - INFO - placed item 100 in the queue waiting to be dispatched to the decoder
2026-08-13 14:47:23 - server.services.engine_class - INFO - consuming token of length 1975 of id 100
2026-08-13 14:47:24 - server.services.ttsServices - INFO - Token 20 : 4096 bytes in 3.153798586999983 seconds
2026-08-13 14:47:25 - server.services.engine_class - INFO - placed item 200 in the queue waiting to be dispatched to the decoder
2026-08-13 14:47:25 - server.services.engine_class - INFO - consuming token of length 3938 of id 200
2026-08-13 14:47:25 - server.services.ttsServices - INFO - Token 30 : 4096 bytes in 4.479638019000049 seconds
2026-08-13 14:47:26 - server.services.engine_class - INFO - placed item 300 in the queue waiting to be dispatched to the decoder
2026-08-13 14:47:26 - server.services.engine_class - INFO - consuming token of length 5898 of id 300
2026-08-13 14:47:27 - server.services.ttsServices - INFO - Token 40 : 4096 bytes in 5.798197789999904 seconds
2026-08-13 14:47:28 - server.services.ttsServices - INFO - Token 50 : 4096 bytes in 7.119218386000284 seconds
2026-08-13 14:47:28 - server.services.engine_class - INFO - placed item 400 in the queue waiting to be dispatched to the decoder
2026-08-13 14:47:28 - server.services.engine_class - INFO - consuming token of length 7861 of id 400
2026-08-13 14:47:29 - server.services.ttsServices - INFO - Token 60 : 4096 bytes in 8.43817194300027 seconds
2026-08-13 14:47:30 - server.services.engine_class - INFO - placed item 500 in the queue waiting to be dispatched to the decoder
2026-08-13 14:47:30 - server.services.engine_class - INFO - consuming token of length 9823 of id 500
2026-08-13 14:47:31 - server.services.ttsServices - INFO - Token 70 : 4096 bytes in 9.762735547000375 seconds
2026-08-13 14:47:32 - server.services.ttsServices - INFO - Token 80 : 4096 bytes in 11.104891365000185 seconds
2026-08-13 14:47:32 - server.services.engine_class - INFO - placed item 600 in the queue waiting to be dispatched to the decoder
2026-08-13 14:47:32 - server.services.engine_class - INFO - consuming token of length 11786 of id 600
2026-08-13 14:47:33 - server.services.ttsServices - INFO - Token 90 : 4096 bytes in 12.424567121999644 seconds
2026-08-13 14:47:34 - server.services.engine_class - INFO - placed item 700 in the queue waiting to be dispatched to the decoder
2026-08-13 14:47:34 - server.services.engine_class - INFO - consuming token of length 13745 of id 700
2026-08-13 14:47:35 - server.services.decoder - INFO - putting chunk generated from the decoder with index 100 in decoder queue
2026-08-13 14:47:35 - server.services.decoder - INFO - getting audio chunk 100 from decoder queue consumer to stream to the backend
2026-08-13 14:47:35 - server.services.ttsServices - INFO - Token 100 : 4096 bytes in 13.756926103999831 seconds
2026-08-13 14:47:36 - server.services.ttsServices - INFO - Token 110 : 4096 bytes in 15.085264297000322 seconds
2026-08-13 14:47:36 - server.services.engine_class - INFO - placed item 800 in the queue waiting to be dispatched to the decoder
2026-08-13 14:47:36 - server.services.engine_class - INFO - consuming token of length 15708 of id 800
2026-08-13 14:47:37 - server.services.ttsServices - INFO - Token 120 : 4096 bytes in 16.416883804999998 seconds
2026-08-13 14:47:38 - server.services.engine_class - INFO - placed item 900 in the queue waiting to be dispatched to the decoder
2026-08-13 14:47:38 - server.services.engine_class - INFO - consuming token of length 17671 of id 900
2026-08-13 14:47:39 - server.services.ttsServices - INFO - Token 130 : 4096 bytes in 17.75158130700038 seconds
2026-08-13 14:47:40 - server.services.engine_class - INFO - placed item 1000 in the queue waiting to be dispatched to the decoder
2026-08-13 14:47:40 - server.services.engine_class - INFO - consuming token of length 19633 of id 1000
2026-08-13 14:47:40 - server.services.ttsServices - INFO - Token 140 : 4096 bytes in 19.084162969000317 seconds
2026-08-13 14:47:42 - server.services.ttsServices - INFO - Time for sentence  as a rule of thumb, a common split is 40–50% technical, 20–30% behavioral, 10–20% leadership, and 10–20% case studies. : 20.71021205499983
2026-08-13 14:47:42 - server.services.engine_class - INFO - placed item 0 in the queue waiting to be dispatched to the decoder
2026-08-13 14:47:42 - server.services.engine_class - INFO - consuming token of length 18 of id 0
2026-08-13 14:47:42 - server.services.decoder - INFO - putting chunk generated from the decoder with index 0 in decoder queue
2026-08-13 14:47:42 - server.services.decoder - INFO - getting audio chunk 0 from decoder queue consumer to stream to the backend
2026-08-13 14:47:42 - server.services.ttsServices - INFO - Token 0 : 4096 bytes in 0.5365847500006566 seconds
2026-08-13 14:47:42 - server.services.ttsServices - INFO - TTFT for  Do you want me to emphasize technical depth, leadership, or a mix? is 0.5366357600005358
2026-08-13 14:47:44 - server.services.ttsServices - INFO - Token 10 : 4096 bytes in 1.815898302000278 seconds
2026-08-13 14:47:44 - server.services.engine_class - INFO - placed item 100 in the queue waiting to be dispatched to the decoder
2026-08-13 14:47:44 - server.services.engine_class - INFO - consuming token of length 1977 of id 100
2026-08-13 14:47:45 - server.services.ttsServices - INFO - Token 20 : 4096 bytes in 3.1338158510006906 seconds
2026-08-13 14:47:46 - server.services.engine_class - INFO - placed item 200 in the queue waiting to be dispatched to the decoder
2026-08-13 14:47:46 - server.services.engine_class - INFO - consuming token of length 3939 of id 200
2026-08-13 14:47:46 - server.services.ttsServices - INFO - Token 30 : 4096 bytes in 4.452254636000362 seconds
2026-08-13 14:47:48 - server.services.engine_class - INFO - placed item 300 in the queue waiting to be dispatched to the decoder
2026-08-13 14:47:48 - server.services.engine_class - INFO - consuming token of length 5898 of id 300
2026-08-13 14:47:48 - server.services.ttsServices - INFO - Token 40 : 4096 bytes in 5.770843244000389 seconds
2026-08-13 14:47:49 - server.services.ttsServices - INFO - Time for sentence  Do you want me to emphasize technical depth, leadership, or a mix? : 6.816182778000439
2026-08-13 14:47:49 - server.services.engine_class - INFO - placed item 0 in the queue waiting to be dispatched to the decoder
2026-08-13 14:47:49 - server.services.engine_class - INFO - consuming token of length 18 of id 0
2026-08-13 14:47:50 - server.services.decoder - INFO - putting chunk generated from the decoder with index 0 in decoder queue
2026-08-13 14:47:50 - server.services.decoder - INFO - getting audio chunk 0 from decoder queue consumer to stream to the backend
2026-08-13 14:47:50 - server.services.ttsServices - INFO - Token 0 : 4096 bytes in 0.5379053180004121 seconds
2026-08-13 14:47:50 - server.services.ttsServices - INFO - TTFT for  Also specify domain (backend/frontend/cloud/ML) to tailor examples. is 0.5379432890003955
2026-08-13 14:47:51 - server.services.ttsServices - INFO - Token 10 : 4096 bytes in 1.8340285940003014 seconds
2026-08-13 14:47:51 - server.services.engine_class - INFO - placed item 100 in the queue waiting to be dispatched to the decoder
2026-08-13 14:47:51 - server.services.engine_class - INFO - consuming token of length 1978 of id 100
2026-08-13 14:47:52 - server.services.ttsServices - INFO - Token 20 : 4096 bytes in 3.183687352000561 seconds
2026-08-13 14:47:53 - server.services.engine_class - INFO - placed item 200 in the queue waiting to be dispatched to the decoder
2026-08-13 14:47:53 - server.services.engine_class - INFO - consuming token of length 3943 of id 200
2026-08-13 14:47:54 - server.services.ttsServices - INFO - Token 30 : 4096 bytes in 4.545551029999842 seconds
2026-08-13 14:47:55 - server.services.engine_class - INFO - placed item 300 in the queue waiting to be dispatched to the decoder
2026-08-13 14:47:55 - server.services.engine_class - INFO - consuming token of length 5909 of id 300
2026-08-13 14:47:55 - server.services.ttsServices - INFO - Token 40 : 4096 bytes in 5.878709909000463 seconds
2026-08-13 14:47:56 - server.services.ttsServices - INFO - Token 50 : 4096 bytes in 7.197973884000021 seconds
2026-08-13 14:47:57 - server.services.engine_class - INFO - placed item 400 in the queue waiting to be dispatched to the decoder
2026-08-13 14:47:57 - server.services.engine_class - INFO - consuming token of length 7873 of id 400
2026-08-13 14:47:58 - server.services.ttsServices - INFO - Token 60 : 4096 bytes in 8.512374372000522 seconds
2026-08-13 14:47:59 - server.services.engine_class - INFO - placed item 500 in the queue waiting to be dispatched to the decoder
2026-08-13 14:47:59 - server.services.engine_class - INFO - consuming token of length 9833 of id 500
2026-08-13 14:48:00 - server.services.ttsServices - INFO - Token 70 : 4096 bytes in 10.474580424000123 seconds
2026-08-13 14:48:01 - server.services.engine_class - INFO - placed item 600 in the queue waiting to be dispatched to the decoder
2026-08-13 14:48:01 - server.services.engine_class - INFO - consuming token of length 11502 of id 600
2026-08-13 14:48:01 - server.services.ttsServices - INFO - Time for sentence  Also specify domain (backend/frontend/cloud/ML) to tailor examples. : 12.04700009499993
2026-08-13 14:48:41 - server.services.engine_class - INFO - placed item 0 in the queue waiting to be dispatched to the decoder
2026-08-13 14:48:41 - server.services.engine_class - INFO - consuming token of length 18 of id 0
2026-08-13 14:48:42 - server.services.decoder - INFO - putting chunk generated from the decoder with index 0 in decoder queue
2026-08-13 14:48:42 - server.services.decoder - INFO - getting audio chunk 0 from decoder queue consumer to stream to the backend
2026-08-13 14:48:42 - server.services.ttsServices - INFO - Token 0 : 4096 bytes in 0.5388377169992964 seconds
2026-08-13 14:48:42 - server.services.ttsServices - INFO - TTFT for Nice to meet you. is 0.538889857999493
2026-08-13 14:48:43 - server.services.ttsServices - INFO - Token 10 : 4096 bytes in 1.830289988000004 seconds
2026-08-13 14:48:43 - server.services.engine_class - INFO - placed item 100 in the queue waiting to be dispatched to the decoder
2026-08-13 14:48:43 - server.services.engine_class - INFO - consuming token of length 1979 of id 100
2026-08-13 14:48:44 - server.services.ttsServices - INFO - Token 20 : 4096 bytes in 3.1535140039995895 seconds
2026-08-13 14:48:45 - server.services.engine_class - INFO - placed item 200 in the queue waiting to be dispatched to the decoder
2026-08-13 14:48:45 - server.services.engine_class - INFO - consuming token of length 3771 of id 200
2026-08-13 14:48:45 - server.services.ttsServices - INFO - Time for sentence Nice to meet you. : 4.097295167999619
2026-08-13 14:49:02 - server.services.engine_class - INFO - placed item 0 in the queue waiting to be dispatched to the decoder
2026-08-13 14:49:02 - server.services.engine_class - INFO - consuming token of length 18 of id 0
2026-08-13 14:49:03 - server.services.decoder - INFO - putting chunk generated from the decoder with index 0 in decoder queue
2026-08-13 14:49:03 - server.services.decoder - INFO - getting audio chunk 0 from decoder queue consumer to stream to the backend
2026-08-13 14:49:03 - server.services.ttsServices - INFO - Token 0 : 4096 bytes in 1.0436357160006082 seconds
2026-08-13 14:49:03 - server.services.ttsServices - INFO - TTFT for  I can tailor the interview to backend, frontend, cloud, or ML. is 1.0436755970004015
2026-08-13 14:49:04 - server.services.engine_class - INFO - placed item 100 in the queue waiting to be dispatched to the decoder
2026-08-13 14:49:04 - server.services.engine_class - INFO - consuming token of length 1979 of id 100
2026-08-13 14:49:04 - server.services.ttsServices - INFO - Token 10 : 4096 bytes in 2.341591184000208 seconds
2026-08-13 14:49:06 - server.services.ttsServices - INFO - Token 20 : 4096 bytes in 3.6646651250002833 seconds
2026-08-13 14:49:06 - server.services.engine_class - INFO - placed item 200 in the queue waiting to be dispatched to the decoder
2026-08-13 14:49:06 - server.services.engine_class - INFO - consuming token of length 3942 of id 200
2026-08-13 14:49:07 - server.services.ttsServices - INFO - Token 30 : 4096 bytes in 4.9901365300002 seconds
2026-08-13 14:49:08 - server.services.engine_class - INFO - placed item 300 in the queue waiting to be dispatched to the decoder
2026-08-13 14:49:08 - server.services.engine_class - INFO - consuming token of length 5900 of id 300
2026-08-13 14:49:08 - server.services.ttsServices - INFO - Token 40 : 4096 bytes in 6.317595393000374 seconds
2026-08-13 14:49:10 - server.services.engine_class - INFO - placed item 400 in the queue waiting to be dispatched to the decoder
2026-08-13 14:49:10 - server.services.engine_class - INFO - consuming token of length 7858 of id 400
2026-08-13 14:49:10 - server.services.ttsServices - INFO - Token 50 : 4096 bytes in 7.641242792000412 seconds
2026-08-13 14:49:11 - server.services.ttsServices - INFO - Time for sentence  I can tailor the interview to backend, frontend, cloud, or ML. : 8.547763298000064
2026-08-13 14:49:18 - server.services.engine_class - INFO - placed item 0 in the queue waiting to be dispatched to the decoder
2026-08-13 14:49:18 - server.services.engine_class - INFO - consuming token of length 18 of id 0
2026-08-13 14:49:18 - server.services.decoder - INFO - putting chunk generated from the decoder with index 0 in decoder queue
2026-08-13 14:49:18 - server.services.decoder - INFO - getting audio chunk 0 from decoder queue consumer to stream to the backend
2026-08-13 14:49:18 - server.services.ttsServices - INFO - Token 0 : 4096 bytes in 0.5376848019996032 seconds
2026-08-13 14:49:18 - server.services.ttsServices - INFO - TTFT for  Which domain would you like to focus on? is 0.5377240119996713
2026-08-13 14:49:19 - server.services.ttsServices - INFO - Token 10 : 4096 bytes in 1.8318102240000371 seconds
2026-08-13 14:49:19 - server.services.engine_class - INFO - placed item 100 in the queue waiting to be dispatched to the decoder
2026-08-13 14:49:19 - server.services.engine_class - INFO - consuming token of length 1976 of id 100
2026-08-13 14:49:21 - server.services.ttsServices - INFO - Token 20 : 4096 bytes in 3.1537115229994015 seconds
2026-08-13 14:49:21 - server.services.engine_class - INFO - placed item 200 in the queue waiting to be dispatched to the decoder
2026-08-13 14:49:21 - server.services.engine_class - INFO - consuming token of length 3938 of id 200
2026-08-13 14:49:22 - server.services.ttsServices - INFO - Time for sentence  Which domain would you like to focus on? : 4.538061491999542
2026-08-13 14:49:23 - server.services.engine_class - INFO - placed item 0 in the queue waiting to be dispatched to the decoder
2026-08-13 14:49:23 - server.services.engine_class - INFO - consuming token of length 18 of id 0
2026-08-13 14:49:23 - server.services.decoder - INFO - putting chunk generated from the decoder with index 0 in decoder queue
2026-08-13 14:49:23 - server.services.decoder - INFO - getting audio chunk 0 from decoder queue consumer to stream to the backend
2026-08-13 14:49:23 - server.services.ttsServices - INFO - Token 0 : 4096 bytes in 0.5389961399996537 seconds
2026-08-13 14:49:23 - server.services.ttsServices - INFO - TTFT for  Also, what focus areas should I emphasize: is 0.5390350400002717
2026-08-13 14:49:24 - server.services.ttsServices - INFO - Token 10 : 4096 bytes in 1.833870503000071 seconds
2026-08-13 14:49:24 - server.services.engine_class - INFO - placed item 100 in the queue waiting to be dispatched to the decoder
2026-08-13 14:49:24 - server.services.engine_class - INFO - consuming token of length 1981 of id 100
2026-08-13 14:49:26 - server.services.ttsServices - INFO - Token 20 : 4096 bytes in 3.1528611109997655 seconds
2026-08-13 14:49:26 - server.services.engine_class - INFO - placed item 200 in the queue waiting to be dispatched to the decoder
2026-08-13 14:49:26 - server.services.engine_class - INFO - consuming token of length 3943 of id 200
2026-08-13 14:49:27 - server.services.ttsServices - INFO - Token 30 : 4096 bytes in 4.474947832999533 seconds
2026-08-13 14:49:28 - server.services.engine_class - INFO - placed item 300 in the queue waiting to be dispatched to the decoder
2026-08-13 14:49:28 - server.services.engine_class - INFO - consuming token of length 5902 of id 300
2026-08-13 14:49:28 - server.services.ttsServices - INFO - Token 40 : 4096 bytes in 5.798810809000315 seconds
2026-08-13 14:49:29 - server.services.ttsServices - INFO - Time for sentence  Also, what focus areas should I emphasize: : 6.874366164000094
2026-08-13 14:49:30 - server.services.engine_class - INFO - placed item 0 in the queue waiting to be dispatched to the decoder
2026-08-13 14:49:30 - server.services.engine_class - INFO - consuming token of length 18 of id 0
2026-08-13 14:49:31 - server.services.decoder - INFO - putting chunk generated from the decoder with index 0 in decoder queue
2026-08-13 14:49:31 - server.services.decoder - INFO - getting audio chunk 0 from decoder queue consumer to stream to the backend
2026-08-13 14:49:31 - server.services.ttsServices - INFO - Token 0 : 4096 bytes in 0.5407159590004085 seconds
2026-08-13 14:49:31 - server.services.ttsServices - INFO - TTFT for  technical skills, behavioral questions, leadership, or case studies? is 0.5407535890008148
2026-08-13 14:49:32 - server.services.ttsServices - INFO - Token 10 : 4096 bytes in 1.81865040699995 seconds
2026-08-13 14:49:32 - server.services.engine_class - INFO - placed item 100 in the queue waiting to be dispatched to the decoder
2026-08-13 14:49:32 - server.services.engine_class - INFO - consuming token of length 1980 of id 100
2026-08-13 14:49:33 - server.services.ttsServices - INFO - Token 20 : 4096 bytes in 3.130692452000403 seconds
2026-08-13 14:49:34 - server.services.engine_class - INFO - placed item 200 in the queue waiting to be dispatched to the decoder
2026-08-13 14:49:34 - server.services.engine_class - INFO - consuming token of length 3945 of id 200
2026-08-13 14:49:34 - server.services.ttsServices - INFO - Token 30 : 4096 bytes in 4.436883716000011 seconds
2026-08-13 14:49:36 - server.services.engine_class - INFO - placed item 300 in the queue waiting to be dispatched to the decoder
2026-08-13 14:49:36 - server.services.engine_class - INFO - consuming token of length 5902 of id 300
2026-08-13 14:49:36 - server.services.ttsServices - INFO - Token 40 : 4096 bytes in 5.754924585000481 seconds
2026-08-13 14:49:37 - server.services.ttsServices - INFO - Token 50 : 4096 bytes in 7.073621034000098 seconds
2026-08-13 14:49:37 - server.services.engine_class - INFO - placed item 400 in the queue waiting to be dispatched to the decoder
2026-08-13 14:49:37 - server.services.engine_class - INFO - consuming token of length 7854 of id 400
2026-08-13 14:49:38 - server.services.ttsServices - INFO - Time for sentence  technical skills, behavioral questions, leadership, or case studies? : 7.839980631000799
2026-08-13 14:49:38 - server.services.engine_class - INFO - placed item 0 in the queue waiting to be dispatched to the decoder
2026-08-13 14:49:38 - server.services.engine_class - INFO - consuming token of length 18 of id 0
2026-08-13 14:49:39 - server.services.decoder - INFO - putting chunk generated from the decoder with index 0 in decoder queue
2026-08-13 14:49:39 - server.services.decoder - INFO - getting audio chunk 0 from decoder queue consumer to stream to the backend
2026-08-13 14:49:39 - server.services.ttsServices - INFO - Token 0 : 4096 bytes in 0.5404932860001281 seconds
2026-08-13 14:49:39 - server.services.ttsServices - INFO - TTFT for  Once you pick, I’ll start with a domain-appropriate question and mix in the preferred focus. is 0.5405412359996262
2026-08-13 14:49:40 - server.services.ttsServices - INFO - Token 10 : 4096 bytes in 1.826771170000029 seconds
2026-08-13 14:49:40 - server.services.engine_class - INFO - placed item 100 in the queue waiting to be dispatched to the decoder
2026-08-13 14:49:40 - server.services.engine_class - INFO - consuming token of length 1978 of id 100
2026-08-13 14:49:41 - server.services.ttsServices - INFO - Token 20 : 4096 bytes in 3.14941660400018 seconds
2026-08-13 14:49:42 - server.services.engine_class - INFO - placed item 200 in the queue waiting to be dispatched to the decoder
2026-08-13 14:49:42 - server.services.engine_class - INFO - consuming token of length 3938 of id 200
2026-08-13 14:49:43 - server.services.ttsServices - INFO - Token 30 : 4096 bytes in 4.471108005000133 seconds
2026-08-13 14:49:44 - server.services.engine_class - INFO - placed item 300 in the queue waiting to be dispatched to the decoder
2026-08-13 14:49:44 - server.services.engine_class - INFO - consuming token of length 5900 of id 300
2026-08-13 14:49:44 - server.services.ttsServices - INFO - Token 40 : 4096 bytes in 5.796763610999733 seconds
2026-08-13 14:49:45 - server.services.ttsServices - INFO - Token 50 : 4096 bytes in 7.119800135999867 seconds
2026-08-13 14:49:46 - server.services.engine_class - INFO - placed item 400 in the queue waiting to be dispatched to the decoder
2026-08-13 14:49:46 - server.services.engine_class - INFO - consuming token of length 7858 of id 400
2026-08-13 14:49:47 - server.services.ttsServices - INFO - Token 60 : 4096 bytes in 8.448483285999828 seconds
2026-08-13 14:49:48 - server.services.engine_class - INFO - placed item 500 in the queue waiting to be dispatched to the decoder
2026-08-13 14:49:48 - server.services.engine_class - INFO - consuming token of length 9819 of id 500
2026-08-13 14:49:48 - server.services.ttsServices - INFO - Token 70 : 4096 bytes in 9.77288201600004 seconds
2026-08-13 14:49:49 - server.services.ttsServices - INFO - Time for sentence  Once you pick, I’ll start with a domain-appropriate question and mix in the preferred focus. : 10.732512200000201
2026-08-13 14:49:49 - server.services.engine_class - INFO - placed item 0 in the queue waiting to be dispatched to the decoder
2026-08-13 14:49:49 - server.services.engine_class - INFO - consuming token of length 18 of id 0
2026-08-13 14:49:49 - server.services.decoder - INFO - putting chunk generated from the decoder with index 0 in decoder queue
2026-08-13 14:49:49 - server.services.decoder - INFO - getting audio chunk 0 from decoder queue consumer to stream to the backend
2026-08-13 14:49:49 - server.services.ttsServices - INFO - Token 0 : 4096 bytes in 0.541052696999941 seconds
2026-08-13 14:49:49 - server.services.ttsServices - INFO - TTFT for  For example, backend could cover API design and DB optimization; is 0.5411046279996299
2026-08-13 14:49:51 - server.services.ttsServices - INFO - Token 10 : 4096 bytes in 1.8231303559996377 seconds
2026-08-13 14:49:51 - server.services.engine_class - INFO - placed item 100 in the queue waiting to be dispatched to the decoder
2026-08-13 14:49:51 - server.services.engine_class - INFO - consuming token of length 1979 of id 100
2026-08-13 14:49:52 - server.services.ttsServices - INFO - Token 20 : 4096 bytes in 3.1372046420001425 seconds
2026-08-13 14:49:53 - server.services.engine_class - INFO - placed item 200 in the queue waiting to be dispatched to the decoder
2026-08-13 14:49:53 - server.services.engine_class - INFO - consuming token of length 3943 of id 200
2026-08-13 14:49:53 - server.services.ttsServices - INFO - Token 30 : 4096 bytes in 4.45526029299981 seconds
2026-08-13 14:49:54 - server.services.engine_class - INFO - placed item 300 in the queue waiting to be dispatched to the decoder
2026-08-13 14:49:54 - server.services.engine_class - INFO - consuming token of length 5909 of id 300
2026-08-13 14:49:55 - server.services.ttsServices - INFO - Token 40 : 4096 bytes in 5.776053802000206 seconds
2026-08-13 14:49:56 - server.services.ttsServices - INFO - Token 50 : 4096 bytes in 7.086174733000007 seconds
2026-08-13 14:49:56 - server.services.engine_class - INFO - placed item 400 in the queue waiting to be dispatched to the decoder
2026-08-13 14:49:56 - server.services.engine_class - INFO - consuming token of length 7868 of id 400
2026-08-13 14:49:58 - server.services.ttsServices - INFO - Time for sentence  For example, backend could cover API design and DB optimization; : 8.953848359999938
2026-08-13 14:49:58 - server.services.engine_class - INFO - placed item 0 in the queue waiting to be dispatched to the decoder
2026-08-13 14:49:58 - server.services.engine_class - INFO - consuming token of length 19 of id 0
2026-08-13 14:49:58 - server.services.decoder - INFO - putting chunk generated from the decoder with index 0 in decoder queue
2026-08-13 14:49:58 - server.services.decoder - INFO - getting audio chunk 0 from decoder queue consumer to stream to the backend
2026-08-13 14:49:58 - server.services.ttsServices - INFO - Token 0 : 4096 bytes in 0.5413408710001022 seconds
2026-08-13 14:49:58 - server.services.ttsServices - INFO - TTFT for  ML could cover model evaluation and data pipelines; is 0.5414351829995212
2026-08-13 14:50:00 - server.services.ttsServices - INFO - Token 10 : 4096 bytes in 1.8244502039997315 seconds
2026-08-13 14:50:00 - server.services.engine_class - INFO - placed item 100 in the queue waiting to be dispatched to the decoder
2026-08-13 14:50:00 - server.services.engine_class - INFO - consuming token of length 1977 of id 100
2026-08-13 14:50:01 - server.services.ttsServices - INFO - Token 20 : 4096 bytes in 3.157226110999545 seconds
2026-08-13 14:50:02 - server.services.engine_class - INFO - placed item 200 in the queue waiting to be dispatched to the decoder
2026-08-13 14:50:02 - server.services.engine_class - INFO - consuming token of length 3938 of id 200
2026-08-13 14:50:02 - server.services.ttsServices - INFO - Token 30 : 4096 bytes in 4.4794198449999385 seconds
2026-08-13 14:50:03 - server.services.engine_class - INFO - placed item 300 in the queue waiting to be dispatched to the decoder
2026-08-13 14:50:03 - server.services.engine_class - INFO - consuming token of length 5902 of id 300
2026-08-13 14:50:04 - server.services.ttsServices - INFO - Token 40 : 4096 bytes in 5.80616606500007 seconds
2026-08-13 14:50:05 - server.services.ttsServices - INFO - Time for sentence  ML could cover model evaluation and data pipelines; : 6.946520544999657
2026-08-13 14:50:05 - server.services.engine_class - INFO - placed item 0 in the queue waiting to be dispatched to the decoder
2026-08-13 14:50:05 - server.services.engine_class - INFO - consuming token of length 18 of id 0
2026-08-13 14:50:05 - server.services.decoder - INFO - putting chunk generated from the decoder with index 0 in decoder queue
2026-08-13 14:50:05 - server.services.decoder - INFO - getting audio chunk 0 from decoder queue consumer to stream to the backend
2026-08-13 14:50:05 - server.services.ttsServices - INFO - Token 0 : 4096 bytes in 0.5371451419996447 seconds
2026-08-13 14:50:05 - server.services.ttsServices - INFO - TTFT for  cloud could cover architecture and cost; is 0.5371934129998408
2026-08-13 14:50:07 - server.services.ttsServices - INFO - Token 10 : 4096 bytes in 1.832391830999768 seconds
2026-08-13 14:50:07 - server.services.engine_class - INFO - placed item 100 in the queue waiting to be dispatched to the decoder
2026-08-13 14:50:07 - server.services.engine_class - INFO - consuming token of length 1977 of id 100
2026-08-13 14:50:08 - server.services.ttsServices - INFO - Token 20 : 4096 bytes in 3.1444012149995615 seconds
2026-08-13 14:50:09 - server.services.engine_class - INFO - placed item 200 in the queue waiting to be dispatched to the decoder
2026-08-13 14:50:09 - server.services.engine_class - INFO - consuming token of length 3938 of id 200
2026-08-13 14:50:09 - server.services.ttsServices - INFO - Token 30 : 4096 bytes in 4.453485896999155 seconds
2026-08-13 14:50:10 - server.services.engine_class - INFO - placed item 300 in the queue waiting to be dispatched to the decoder
2026-08-13 14:50:10 - server.services.engine_class - INFO - consuming token of length 5901 of id 300
2026-08-13 14:50:11 - server.services.ttsServices - INFO - Token 40 : 4096 bytes in 5.764291423999566 seconds
2026-08-13 14:50:12 - server.services.engine_class - INFO - placed item 400 in the queue waiting to be dispatched to the decoder
2026-08-13 14:50:12 - server.services.engine_class - INFO - consuming token of length 7127 of id 400
2026-08-13 14:50:13 - server.services.ttsServices - INFO - Time for sentence  cloud could cover architecture and cost; : 7.893178726999395
2026-08-13 14:50:13 - server.services.engine_class - INFO - placed item 0 in the queue waiting to be dispatched to the decoder
2026-08-13 14:50:13 - server.services.engine_class - INFO - consuming token of length 19 of id 0
2026-08-13 14:50:13 - server.services.decoder - INFO - putting chunk generated from the decoder with index 0 in decoder queue
2026-08-13 14:50:13 - server.services.decoder - INFO - getting audio chunk 0 from decoder queue consumer to stream to the backend
2026-08-13 14:50:13 - server.services.ttsServices - INFO - Token 0 : 4096 bytes in 0.5485540919999039 seconds
2026-08-13 14:50:13 - server.services.ttsServices - INFO - TTFT for  frontend could cover component design and accessibility. is 0.5485975419996976
2026-08-13 14:50:14 - server.services.ttsServices - INFO - Token 10 : 4096 bytes in 1.8139478229995802 seconds
2026-08-13 14:50:15 - server.services.engine_class - INFO - placed item 100 in the queue waiting to be dispatched to the decoder
2026-08-13 14:50:15 - server.services.engine_class - INFO - consuming token of length 1977 of id 100
2026-08-13 14:50:16 - server.services.ttsServices - INFO - Token 20 : 4096 bytes in 3.1149349319994144 seconds
2026-08-13 14:50:16 - server.services.engine_class - INFO - placed item 200 in the queue waiting to be dispatched to the decoder
2026-08-13 14:50:16 - server.services.engine_class - INFO - consuming token of length 3940 of id 200
2026-08-13 14:50:17 - server.services.ttsServices - INFO - Token 30 : 4096 bytes in 4.413944373000049 seconds
2026-08-13 14:50:18 - server.services.engine_class - INFO - placed item 300 in the queue waiting to be dispatched to the decoder
2026-08-13 14:50:18 - server.services.engine_class - INFO - consuming token of length 5904 of id 300
2026-08-13 14:50:18 - server.services.ttsServices - INFO - Token 40 : 4096 bytes in 5.720952790999945 seconds
2026-08-13 14:50:20 - server.services.ttsServices - INFO - Time for sentence  frontend could cover component design and accessibility. : 6.986563949999436
2026-08-13 14:50:20 - server.services.engine_class - INFO - placed item 0 in the queue waiting to be dispatched to the decoder
2026-08-13 14:50:20 - server.services.engine_class - INFO - consuming token of length 18 of id 0
2026-08-13 14:50:20 - server.services.decoder - INFO - putting chunk generated from the decoder with index 0 in decoder queue
2026-08-13 14:50:20 - server.services.decoder - INFO - getting audio chunk 0 from decoder queue consumer to stream to the backend
2026-08-13 14:50:20 - server.services.ttsServices - INFO - Token 0 : 4096 bytes in 0.5345070410003245 seconds
2026-08-13 14:50:20 - server.services.ttsServices - INFO - TTFT for  How would you like to proceed? is 0.5345495209994624
2026-08-13 14:50:21 - server.services.ttsServices - INFO - Token 10 : 4096 bytes in 1.8250709189996996 seconds
2026-08-13 14:50:22 - server.services.engine_class - INFO - placed item 100 in the queue waiting to be dispatched to the decoder
2026-08-13 14:50:22 - server.services.engine_class - INFO - consuming token of length 1983 of id 100
2026-08-13 14:50:23 - server.services.ttsServices - INFO - Token 20 : 4096 bytes in 3.1426021939996645 seconds
2026-08-13 14:50:23 - server.services.engine_class - INFO - placed item 200 in the queue waiting to be dispatched to the decoder
2026-08-13 14:50:23 - server.services.engine_class - INFO - consuming token of length 3944 of id 200
2026-08-13 14:50:24 - server.services.ttsServices - INFO - Token 30 : 4096 bytes in 4.482348749999801 seconds
2026-08-13 14:50:25 - server.services.ttsServices - INFO - Time for sentence  How would you like to proceed? : 4.991521295999519
2026-08-13 14:50:25 - server.services.engine_class - INFO - placed item 0 in the queue waiting to be dispatched to the decoder
2026-08-13 14:50:25 - server.services.engine_class - INFO - consuming token of length 19 of id 0
2026-08-13 14:50:26 - server.services.decoder - INFO - putting chunk generated from the decoder with index 0 in decoder queue
2026-08-13 14:50:26 - server.services.decoder - INFO - getting audio chunk 0 from decoder queue consumer to stream to the backend
2026-08-13 14:50:26 - server.services.ttsServices - INFO - Token 0 : 4096 bytes in 0.5368320429997766 seconds
2026-08-13 14:50:26 - server.services.ttsServices - INFO - TTFT for Shalom — I can tailor the interview to your domain and focus. is 0.5368704539996543
2026-08-13 14:50:27 - server.services.ttsServices - INFO - Token 10 : 4096 bytes in 1.8200507190003918 seconds
2026-08-13 14:50:27 - server.services.engine_class - INFO - placed item 100 in the queue waiting to be dispatched to the decoder
2026-08-13 14:50:27 - server.services.engine_class - INFO - consuming token of length 1982 of id 100
2026-08-13 14:50:28 - server.services.ttsServices - INFO - Token 20 : 4096 bytes in 3.141752223000367 seconds
2026-08-13 14:50:29 - server.services.engine_class - INFO - placed item 200 in the queue waiting to be dispatched to the decoder
2026-08-13 14:50:29 - server.services.engine_class - INFO - consuming token of length 3944 of id 200
2026-08-13 14:50:30 - server.services.ttsServices - INFO - Token 30 : 4096 bytes in 4.459892515999854 seconds
2026-08-13 14:50:31 - server.services.engine_class - INFO - placed item 300 in the queue waiting to be dispatched to the decoder
2026-08-13 14:50:31 - server.services.engine_class - INFO - consuming token of length 5909 of id 300
2026-08-13 14:50:31 - server.services.ttsServices - INFO - Token 40 : 4096 bytes in 5.806802562000485 seconds
2026-08-13 14:50:32 - server.services.ttsServices - INFO - Token 50 : 4096 bytes in 7.145655694999732 seconds
2026-08-13 14:50:33 - server.services.engine_class - INFO - placed item 400 in the queue waiting to be dispatched to the decoder
2026-08-13 14:50:33 - server.services.engine_class - INFO - consuming token of length 7871 of id 400
2026-08-13 14:50:34 - server.services.ttsServices - INFO - Time for sentence Shalom — I can tailor the interview to your domain and focus. : 8.466996397000003
2026-08-13 14:50:46 - server.services.engine_class - INFO - placed item 0 in the queue waiting to be dispatched to the decoder
2026-08-13 14:50:46 - server.services.engine_class - INFO - consuming token of length 18 of id 0
2026-08-13 14:50:47 - server.services.decoder - INFO - putting chunk generated from the decoder with index 0 in decoder queue
2026-08-13 14:50:47 - server.services.decoder - INFO - getting audio chunk 0 from decoder queue consumer to stream to the backend
2026-08-13 14:50:47 - server.services.ttsServices - INFO - Token 0 : 4096 bytes in 0.5387434989997928 seconds
2026-08-13 14:50:47 - server.services.ttsServices - INFO - TTFT for  Which domain do you want to emphasize: is 0.538781898999332
2026-08-13 14:50:48 - server.services.ttsServices - INFO - Token 10 : 4096 bytes in 1.8281250379995981 seconds
2026-08-13 14:50:48 - server.services.engine_class - INFO - placed item 100 in the queue waiting to be dispatched to the decoder
2026-08-13 14:50:48 - server.services.engine_class - INFO - consuming token of length 1978 of id 100
2026-08-13 14:50:49 - server.services.ttsServices - INFO - Token 20 : 4096 bytes in 3.138057294999271 seconds
2026-08-13 14:50:50 - server.services.engine_class - INFO - placed item 200 in the queue waiting to be dispatched to the decoder
2026-08-13 14:50:50 - server.services.engine_class - INFO - consuming token of length 3942 of id 200
2026-08-13 14:50:51 - server.services.ttsServices - INFO - Token 30 : 4096 bytes in 4.45612676699966 seconds
2026-08-13 14:50:52 - server.services.engine_class - INFO - placed item 300 in the queue waiting to be dispatched to the decoder
2026-08-13 14:50:52 - server.services.engine_class - INFO - consuming token of length 5707 of id 300
2026-08-13 14:50:52 - server.services.ttsServices - INFO - Time for sentence  Which domain do you want to emphasize: : 5.817242105999867
2026-08-13 14:51:07 - server.services.engine_class - INFO - placed item 0 in the queue waiting to be dispatched to the decoder
2026-08-13 14:51:07 - server.services.engine_class - INFO - consuming token of length 18 of id 0
2026-08-13 14:51:08 - server.services.decoder - INFO - putting chunk generated from the decoder with index 0 in decoder queue
2026-08-13 14:51:08 - server.services.decoder - INFO - getting audio chunk 0 from decoder queue consumer to stream to the backend
2026-08-13 14:51:08 - server.services.ttsServices - INFO - Token 0 : 4096 bytes in 0.5381294250000792 seconds
2026-08-13 14:51:08 - server.services.ttsServices - INFO - TTFT for  backend, frontend, cloud, or ML? is 0.5381814560005296
2026-08-13 14:51:09 - server.services.ttsServices - INFO - Token 10 : 4096 bytes in 1.8237654000004113 seconds
2026-08-13 14:51:09 - server.services.engine_class - INFO - placed item 100 in the queue waiting to be dispatched to the decoder
2026-08-13 14:51:09 - server.services.engine_class - INFO - consuming token of length 1977 of id 100
2026-08-13 14:51:10 - server.services.ttsServices - INFO - Token 20 : 4096 bytes in 3.1338443660006305 seconds
2026-08-13 14:51:11 - server.services.engine_class - INFO - placed item 200 in the queue waiting to be dispatched to the decoder
2026-08-13 14:51:11 - server.services.engine_class - INFO - consuming token of length 3941 of id 200
2026-08-13 14:51:12 - server.services.ttsServices - INFO - Token 30 : 4096 bytes in 4.453794160000143 seconds
2026-08-13 14:51:13 - server.services.engine_class - INFO - placed item 300 in the queue waiting to be dispatched to the decoder
2026-08-13 14:51:13 - server.services.engine_class - INFO - consuming token of length 5906 of id 300
2026-08-13 14:51:13 - server.services.ttsServices - INFO - Token 40 : 4096 bytes in 5.7668003959997804 seconds
2026-08-13 14:51:15 - server.services.ttsServices - INFO - Time for sentence  backend, frontend, cloud, or ML? : 7.188745383999958
2026-08-13 14:51:28 - server.services.engine_class - INFO - placed item 0 in the queue waiting to be dispatched to the decoder
2026-08-13 14:51:28 - server.services.engine_class - INFO - consuming token of length 18 of id 0
2026-08-13 14:51:29 - server.services.decoder - INFO - putting chunk generated from the decoder with index 0 in decoder queue
2026-08-13 14:51:29 - server.services.decoder - INFO - getting audio chunk 0 from decoder queue consumer to stream to the backend
2026-08-13 14:51:29 - server.services.ttsServices - INFO - Token 0 : 4096 bytes in 0.5378697100004501 seconds
2026-08-13 14:51:29 - server.services.ttsServices - INFO - TTFT for  What focus areas should I emphasize: is 0.5379087510000318
2026-08-13 14:51:30 - server.services.ttsServices - INFO - Token 10 : 4096 bytes in 1.8335278080003263 seconds
2026-08-13 14:51:30 - server.services.engine_class - INFO - placed item 100 in the queue waiting to be dispatched to the decoder
2026-08-13 14:51:30 - server.services.engine_class - INFO - consuming token of length 1975 of id 100
2026-08-13 14:51:32 - server.services.ttsServices - INFO - Token 20 : 4096 bytes in 3.151734619999843 seconds
2026-08-13 14:51:32 - server.services.engine_class - INFO - placed item 200 in the queue waiting to be dispatched to the decoder
2026-08-13 14:51:32 - server.services.engine_class - INFO - consuming token of length 3938 of id 200
2026-08-13 14:51:33 - server.services.ttsServices - INFO - Token 30 : 4096 bytes in 4.475296116000209 seconds
2026-08-13 14:51:34 - server.services.engine_class - INFO - placed item 300 in the queue waiting to be dispatched to the decoder
2026-08-13 14:51:34 - server.services.engine_class - INFO - consuming token of length 5900 of id 300
2026-08-13 14:51:34 - server.services.ttsServices - INFO - Token 40 : 4096 bytes in 5.800832900000387 seconds
2026-08-13 14:51:35 - server.services.ttsServices - INFO - Time for sentence  What focus areas should I emphasize: : 6.573883500000193
2026-08-13 14:51:50 - server.services.engine_class - INFO - placed item 0 in the queue waiting to be dispatched to the decoder
2026-08-13 14:51:50 - server.services.engine_class - INFO - consuming token of length 18 of id 0
2026-08-13 14:51:50 - server.services.decoder - INFO - putting chunk generated from the decoder with index 0 in decoder queue
2026-08-13 14:51:50 - server.services.decoder - INFO - getting audio chunk 0 from decoder queue consumer to stream to the backend
2026-08-13 14:51:50 - server.services.ttsServices - INFO - Token 0 : 4096 bytes in 0.5405024920000869 seconds
2026-08-13 14:51:50 - server.services.ttsServices - INFO - TTFT for  technical skills, behavioral questions, leadership, case studies, or a mix? is 0.5405425430008108
2026-08-13 14:51:52 - server.services.ttsServices - INFO - Token 10 : 4096 bytes in 1.822673620000387 seconds
2026-08-13 14:51:52 - server.services.engine_class - INFO - placed item 100 in the queue waiting to be dispatched to the decoder
2026-08-13 14:51:52 - server.services.engine_class - INFO - consuming token of length 1979 of id 100
2026-08-13 14:51:53 - server.services.ttsServices - INFO - Token 20 : 4096 bytes in 3.142196881000018 seconds
2026-08-13 14:51:53 - server.services.engine_class - INFO - placed item 200 in the queue waiting to be dispatched to the decoder
2026-08-13 14:51:53 - server.services.engine_class - INFO - consuming token of length 3944 of id 200
2026-08-13 14:51:54 - server.services.ttsServices - INFO - Token 30 : 4096 bytes in 4.461346826000408 seconds
2026-08-13 14:51:55 - server.services.engine_class - INFO - placed item 300 in the queue waiting to be dispatched to the decoder
2026-08-13 14:51:55 - server.services.engine_class - INFO - consuming token of length 5905 of id 300
2026-08-13 14:51:55 - server.services.ttsServices - INFO - Token 40 : 4096 bytes in 5.786954682000214 seconds
2026-08-13 14:51:57 - server.services.ttsServices - INFO - Token 50 : 4096 bytes in 7.131218629000614 seconds
2026-08-13 14:51:57 - server.services.engine_class - INFO - placed item 400 in the queue waiting to be dispatched to the decoder
2026-08-13 14:51:57 - server.services.engine_class - INFO - consuming token of length 7864 of id 400
2026-08-13 14:51:58 - server.services.ttsServices - INFO - Token 60 : 4096 bytes in 8.592998580000312 seconds
2026-08-13 14:51:59 - server.services.engine_class - INFO - placed item 500 in the queue waiting to be dispatched to the decoder
2026-08-13 14:51:59 - server.services.engine_class - INFO - consuming token of length 9825 of id 500
2026-08-13 14:52:00 - server.services.ttsServices - INFO - Time for sentence  technical skills, behavioral questions, leadership, case studies, or a mix? : 10.10608467900056
2026-08-13 14:52:05 - server.services.engine_class - INFO - placed item 0 in the queue waiting to be dispatched to the decoder
2026-08-13 14:52:05 - server.services.engine_class - INFO - consuming token of length 18 of id 0
2026-08-13 14:52:06 - server.services.decoder - INFO - putting chunk generated from the decoder with index 0 in decoder queue
2026-08-13 14:52:06 - server.services.decoder - INFO - getting audio chunk 0 from decoder queue consumer to stream to the backend
2026-08-13 14:52:06 - server.services.ttsServices - INFO - Token 0 : 4096 bytes in 0.5391006219997507 seconds
2026-08-13 14:52:06 - server.services.ttsServices - INFO - TTFT for  What is your target seniority (junior, mid, senior, staff)? is 0.5391392920000726
2026-08-13 14:52:07 - server.services.ttsServices - INFO - Token 10 : 4096 bytes in 1.831866047999938 seconds
2026-08-13 14:52:07 - server.services.engine_class - INFO - placed item 100 in the queue waiting to be dispatched to the decoder
2026-08-13 14:52:07 - server.services.engine_class - INFO - consuming token of length 1977 of id 100
2026-08-13 14:52:09 - server.services.ttsServices - INFO - Token 20 : 4096 bytes in 3.1508654519993797 seconds
2026-08-13 14:52:09 - server.services.engine_class - INFO - placed item 200 in the queue waiting to be dispatched to the decoder
2026-08-13 14:52:09 - server.services.engine_class - INFO - consuming token of length 3938 of id 200
2026-08-13 14:52:11 - server.services.ttsServices - INFO - Token 30 : 4096 bytes in 5.111975585999971 seconds
2026-08-13 14:52:11 - server.services.engine_class - INFO - placed item 300 in the queue waiting to be dispatched to the decoder
2026-08-13 14:52:11 - server.services.engine_class - INFO - consuming token of length 5898 of id 300
2026-08-13 14:52:12 - server.services.ttsServices - INFO - Token 40 : 4096 bytes in 6.435311559999718 seconds
2026-08-13 14:52:13 - server.services.engine_class - INFO - placed item 400 in the queue waiting to be dispatched to the decoder
2026-08-13 14:52:13 - server.services.engine_class - INFO - consuming token of length 7857 of id 400
2026-08-13 14:52:13 - server.services.ttsServices - INFO - Token 50 : 4096 bytes in 7.7545981459998075 seconds
2026-08-13 14:52:15 - server.services.ttsServices - INFO - Token 60 : 4096 bytes in 9.083221933999994 seconds
2026-08-13 14:52:15 - server.services.engine_class - INFO - placed item 500 in the queue waiting to be dispatched to the decoder
2026-08-13 14:52:15 - server.services.engine_class - INFO - consuming token of length 9818 of id 500
2026-08-13 14:52:16 - server.services.ttsServices - INFO - Time for sentence  What is your target seniority (junior, mid, senior, staff)? : 10.260839019999366
2026-08-13 14:52:16 - server.services.engine_class - INFO - placed item 0 in the queue waiting to be dispatched to the decoder
2026-08-13 14:52:16 - server.services.engine_class - INFO - consuming token of length 18 of id 0
2026-08-13 14:52:16 - server.services.decoder - INFO - putting chunk generated from the decoder with index 0 in decoder queue
2026-08-13 14:52:16 - server.services.decoder - INFO - getting audio chunk 0 from decoder queue consumer to stream to the backend
2026-08-13 14:52:16 - server.services.ttsServices - INFO - Token 0 : 4096 bytes in 0.5372480719997839 seconds
2026-08-13 14:52:16 - server.services.ttsServices - INFO - TTFT for  Do you want a quick warm-up or dive straight into a technical question? is 0.5372854529996403
2026-08-13 14:52:18 - server.services.ttsServices - INFO - Token 10 : 4096 bytes in 1.824006683999869 seconds
2026-08-13 14:52:18 - server.services.engine_class - INFO - placed item 100 in the queue waiting to be dispatched to the decoder
2026-08-13 14:52:18 - server.services.engine_class - INFO - consuming token of length 1978 of id 100
2026-08-13 14:52:19 - server.services.ttsServices - INFO - Token 20 : 4096 bytes in 3.1536926259996108 seconds
2026-08-13 14:52:20 - server.services.engine_class - INFO - placed item 200 in the queue waiting to be dispatched to the decoder
2026-08-13 14:52:20 - server.services.engine_class - INFO - consuming token of length 3936 of id 200
2026-08-13 14:52:20 - server.services.ttsServices - INFO - Token 30 : 4096 bytes in 4.47771044899946 seconds
2026-08-13 14:52:21 - server.services.engine_class - INFO - placed item 300 in the queue waiting to be dispatched to the decoder
2026-08-13 14:52:21 - server.services.engine_class - INFO - consuming token of length 5900 of id 300
2026-08-13 14:52:22 - server.services.ttsServices - INFO - Token 40 : 4096 bytes in 5.79534630299986 seconds
2026-08-13 14:52:23 - server.services.ttsServices - INFO - Time for sentence  Do you want a quick warm-up or dive straight into a technical question? : 7.173919498999567
2026-08-13 14:52:23 - server.services.engine_class - INFO - placed item 0 in the queue waiting to be dispatched to the decoder
2026-08-13 14:52:23 - server.services.engine_class - INFO - consuming token of length 18 of id 0
2026-08-13 14:52:24 - server.services.decoder - INFO - putting chunk generated from the decoder with index 0 in decoder queue
2026-08-13 14:52:24 - server.services.decoder - INFO - getting audio chunk 0 from decoder queue consumer to stream to the backend
2026-08-13 14:52:24 - server.services.ttsServices - INFO - Token 0 : 4096 bytes in 0.5369939279999016 seconds
2026-08-13 14:52:24 - server.services.ttsServices - INFO - TTFT for  If you confirm, I’ll start with a representative question from your domain (e.g., for backend: is 0.5370322190001389
2026-08-13 14:52:25 - server.services.ttsServices - INFO - Token 10 : 4096 bytes in 1.8268542440000601 seconds
2026-08-13 14:52:25 - server.services.engine_class - INFO - placed item 100 in the queue waiting to be dispatched to the decoder
2026-08-13 14:52:25 - server.services.engine_class - INFO - consuming token of length 1978 of id 100
2026-08-13 14:52:26 - server.services.ttsServices - INFO - Token 20 : 4096 bytes in 3.1452809379998143 seconds
2026-08-13 14:52:27 - server.services.engine_class - INFO - placed item 200 in the queue waiting to be dispatched to the decoder
2026-08-13 14:52:27 - server.services.engine_class - INFO - consuming token of length 3939 of id 200
2026-08-13 14:52:27 - server.services.ttsServices - INFO - Token 30 : 4096 bytes in 4.457636807000199 seconds
2026-08-13 14:52:29 - server.services.engine_class - INFO - placed item 300 in the queue waiting to be dispatched to the decoder
2026-08-13 14:52:29 - server.services.engine_class - INFO - consuming token of length 5904 of id 300
2026-08-13 14:52:29 - server.services.ttsServices - INFO - Token 40 : 4096 bytes in 5.776093118999597 seconds
2026-08-13 14:52:30 - server.services.ttsServices - INFO - Token 50 : 4096 bytes in 7.092825237999932 seconds
2026-08-13 14:52:31 - server.services.engine_class - INFO - placed item 400 in the queue waiting to be dispatched to the decoder
2026-08-13 14:52:31 - server.services.engine_class - INFO - consuming token of length 7861 of id 400
2026-08-13 14:52:31 - server.services.ttsServices - INFO - Token 60 : 4096 bytes in 8.409935380999741 seconds
2026-08-13 14:52:32 - server.services.engine_class - INFO - placed item 500 in the queue waiting to be dispatched to the decoder
2026-08-13 14:52:32 - server.services.engine_class - INFO - consuming token of length 9821 of id 500
2026-08-13 14:52:33 - server.services.ttsServices - INFO - Token 70 : 4096 bytes in 9.728200020999793 seconds
2026-08-13 14:52:34 - server.services.ttsServices - INFO - Time for sentence  If you confirm, I’ll start with a representative question from your domain (e.g., for backend: : 10.698572188000071
2026-08-13 14:52:34 - server.services.engine_class - INFO - placed item 0 in the queue waiting to be dispatched to the decoder
2026-08-13 14:52:34 - server.services.engine_class - INFO - consuming token of length 18 of id 0
2026-08-13 14:52:34 - server.services.decoder - INFO - putting chunk generated from the decoder with index 0 in decoder queue
2026-08-13 14:52:34 - server.services.decoder - INFO - getting audio chunk 0 from decoder queue consumer to stream to the backend
2026-08-13 14:52:34 - server.services.ttsServices - INFO - Token 0 : 4096 bytes in 0.534651445000236 seconds
2026-08-13 14:52:34 - server.services.ttsServices - INFO - TTFT for  design a scalable API to handle burst traffic and ensure idempotency). is 0.534702675000517
2026-08-13 14:52:36 - server.services.ttsServices - INFO - Token 10 : 4096 bytes in 1.8144738070004678 seconds
2026-08-13 14:52:36 - server.services.engine_class - INFO - placed item 100 in the queue waiting to be dispatched to the decoder
2026-08-13 14:52:36 - server.services.engine_class - INFO - consuming token of length 1981 of id 100
2026-08-13 14:52:37 - server.services.ttsServices - INFO - Token 20 : 4096 bytes in 3.1225216740003816 seconds
2026-08-13 14:52:37 - server.services.engine_class - INFO - placed item 200 in the queue waiting to be dispatched to the decoder
2026-08-13 14:52:37 - server.services.engine_class - INFO - consuming token of length 3941 of id 200
2026-08-13 14:52:38 - server.services.ttsServices - INFO - Token 30 : 4096 bytes in 4.438390881000487 seconds
2026-08-13 14:52:39 - server.services.engine_class - INFO - placed item 300 in the queue waiting to be dispatched to the decoder
2026-08-13 14:52:39 - server.services.engine_class - INFO - consuming token of length 5898 of id 300
2026-08-13 14:52:39 - server.services.ttsServices - INFO - Token 40 : 4096 bytes in 5.7540406940006505 seconds
2026-08-13 14:52:41 - server.services.ttsServices - INFO - Token 50 : 4096 bytes in 7.0849574310004755 seconds
2026-08-13 14:52:41 - server.services.engine_class - INFO - placed item 400 in the queue waiting to be dispatched to the decoder
2026-08-13 14:52:41 - server.services.engine_class - INFO - consuming token of length 7856 of id 400
2026-08-13 14:52:42 - server.services.ttsServices - INFO - Token 60 : 4096 bytes in 8.407400809000137 seconds
2026-08-13 14:52:43 - server.services.engine_class - INFO - placed item 500 in the queue waiting to be dispatched to the decoder
2026-08-13 14:52:43 - server.services.engine_class - INFO - consuming token of length 9822 of id 500
2026-08-13 14:52:44 - server.services.ttsServices - INFO - Time for sentence  design a scalable API to handle burst traffic and ensure idempotency). : 9.89925099500033
2026-08-13 14:52:44 - server.services.engine_class - INFO - placed item 0 in the queue waiting to be dispatched to the decoder
2026-08-13 14:52:44 - server.services.engine_class - INFO - consuming token of length 18 of id 0
2026-08-13 14:52:44 - server.services.decoder - INFO - putting chunk generated from the decoder with index 0 in decoder queue
2026-08-13 14:52:44 - server.services.decoder - INFO - getting audio chunk 0 from decoder queue consumer to stream to the backend
2026-08-13 14:52:44 - server.services.ttsServices - INFO - Token 0 : 4096 bytes in 0.5345288329999676 seconds
2026-08-13 14:52:44 - server.services.ttsServices - INFO - TTFT for Hello. Shalom. is 0.5345960439999544
2026-08-13 14:52:46 - server.services.ttsServices - INFO - Token 10 : 4096 bytes in 1.819954943999619 seconds
2026-08-13 14:52:46 - server.services.engine_class - INFO - placed item 100 in the queue waiting to be dispatched to the decoder
2026-08-13 14:52:46 - server.services.engine_class - INFO - consuming token of length 1980 of id 100
2026-08-13 14:52:47 - server.services.ttsServices - INFO - Token 20 : 4096 bytes in 3.1404703449998124 seconds
2026-08-13 14:52:48 - server.services.engine_class - INFO - placed item 200 in the queue waiting to be dispatched to the decoder
2026-08-13 14:52:48 - server.services.engine_class - INFO - consuming token of length 3763 of id 200
2026-08-13 14:52:48 - server.services.ttsServices - INFO - Time for sentence Hello. Shalom. : 4.062273262000417
2026-08-13 14:52:48 - server.services.engine_class - INFO - placed item 0 in the queue waiting to be dispatched to the decoder
2026-08-13 14:52:48 - server.services.engine_class - INFO - consuming token of length 18 of id 0
2026-08-13 14:52:49 - server.services.decoder - INFO - putting chunk generated from the decoder with index 0 in decoder queue
2026-08-13 14:52:49 - server.services.decoder - INFO - getting audio chunk 0 from decoder queue consumer to stream to the backend
2026-08-13 14:52:49 - server.services.ttsServices - INFO - Token 0 : 4096 bytes in 0.5385695390004912 seconds
2026-08-13 14:52:49 - server.services.ttsServices - INFO - TTFT for  To tailor the interview, please specify a domain (backend/frontend/cloud/ML) and an emphasis (technical skills, behavioral questions, leadership, case studies) or a blend. is 0.5386073700001361
2026-08-13 14:52:50 - server.services.ttsServices - INFO - Token 10 : 4096 bytes in 1.8340779410000323 seconds
2026-08-13 14:52:50 - server.services.engine_class - INFO - placed item 100 in the queue waiting to be dispatched to the decoder
2026-08-13 14:52:50 - server.services.engine_class - INFO - consuming token of length 1981 of id 100
2026-08-13 14:52:51 - server.services.ttsServices - INFO - Token 20 : 4096 bytes in 3.155755959000089 seconds
2026-08-13 14:52:52 - server.services.engine_class - INFO - placed item 200 in the queue waiting to be dispatched to the decoder
2026-08-13 14:52:52 - server.services.engine_class - INFO - consuming token of length 3944 of id 200
2026-08-13 14:52:53 - server.services.ttsServices - INFO - Token 30 : 4096 bytes in 5.112313092000477 seconds
2026-08-13 14:52:54 - server.services.engine_class - INFO - placed item 300 in the queue waiting to be dispatched to the decoder
2026-08-13 14:52:54 - server.services.engine_class - INFO - consuming token of length 5906 of id 300
2026-08-13 14:52:55 - server.services.ttsServices - INFO - Token 40 : 4096 bytes in 6.436258092000571 seconds
2026-08-13 14:52:56 - server.services.engine_class - INFO - placed item 400 in the queue waiting to be dispatched to the decoder
2026-08-13 14:52:56 - server.services.engine_class - INFO - consuming token of length 7866 of id 400
2026-08-13 14:52:56 - server.services.ttsServices - INFO - Token 50 : 4096 bytes in 7.762148038000305 seconds
2026-08-13 14:52:57 - server.services.ttsServices - INFO - Token 60 : 4096 bytes in 9.097911022000517 seconds
2026-08-13 14:52:58 - server.services.engine_class - INFO - placed item 500 in the queue waiting to be dispatched to the decoder
2026-08-13 14:52:58 - server.services.engine_class - INFO - consuming token of length 9826 of id 500
2026-08-13 14:52:59 - server.services.ttsServices - INFO - Token 70 : 4096 bytes in 10.416985863999798 seconds
2026-08-13 14:53:00 - server.services.engine_class - INFO - placed item 600 in the queue waiting to be dispatched to the decoder
2026-08-13 14:53:00 - server.services.engine_class - INFO - consuming token of length 11787 of id 600
2026-08-13 14:53:00 - server.services.ttsServices - INFO - Token 80 : 4096 bytes in 11.745847901000161 seconds
2026-08-13 14:53:01 - server.services.ttsServices - INFO - Token 90 : 4096 bytes in 13.081223730000602 seconds
2026-08-13 14:53:02 - server.services.engine_class - INFO - placed item 700 in the queue waiting to be dispatched to the decoder
2026-08-13 14:53:02 - server.services.engine_class - INFO - consuming token of length 13748 of id 700
2026-08-13 14:53:03 - server.services.decoder - INFO - putting chunk generated from the decoder with index 100 in decoder queue
2026-08-13 14:53:03 - server.services.decoder - INFO - getting audio chunk 100 from decoder queue consumer to stream to the backend
2026-08-13 14:53:03 - server.services.ttsServices - INFO - Token 100 : 4096 bytes in 14.417731114000162 seconds
2026-08-13 14:53:03 - server.services.engine_class - INFO - placed item 800 in the queue waiting to be dispatched to the decoder
2026-08-13 14:53:03 - server.services.engine_class - INFO - consuming token of length 15709 of id 800
2026-08-13 14:53:04 - server.services.ttsServices - INFO - Token 110 : 4096 bytes in 15.759034396000061 seconds
2026-08-13 14:53:05 - server.services.engine_class - INFO - placed item 900 in the queue waiting to be dispatched to the decoder
2026-08-13 14:53:05 - server.services.engine_class - INFO - consuming token of length 17675 of id 900
2026-08-13 14:53:05 - server.services.ttsServices - INFO - Token 120 : 4096 bytes in 17.088493672000368 seconds
2026-08-13 14:53:07 - server.services.ttsServices - INFO - Token 130 : 4096 bytes in 18.41378936900037 seconds
2026-08-13 14:53:07 - server.services.engine_class - INFO - placed item 1000 in the queue waiting to be dispatched to the decoder
2026-08-13 14:53:07 - server.services.engine_class - INFO - consuming token of length 19633 of id 1000
2026-08-13 14:53:08 - server.services.ttsServices - INFO - Token 140 : 4096 bytes in 19.740260933000172 seconds
2026-08-13 14:53:09 - server.services.engine_class - INFO - placed item 1100 in the queue waiting to be dispatched to the decoder
2026-08-13 14:53:09 - server.services.engine_class - INFO - consuming token of length 21593 of id 1100
2026-08-13 14:53:10 - server.services.ttsServices - INFO - Time for sentence  To tailor the interview, please specify a domain (backend/frontend/cloud/ML) and an emphasis (technical skills, behavioral questions, leadership, case studies) or a blend. : 21.671713925000404
2026-08-13 14:53:10 - server.services.engine_class - INFO - placed item 0 in the queue waiting to be dispatched to the decoder
2026-08-13 14:53:10 - server.services.engine_class - INFO - consuming token of length 19 of id 0
2026-08-13 14:53:11 - server.services.decoder - INFO - putting chunk generated from the decoder with index 0 in decoder queue
2026-08-13 14:53:11 - server.services.decoder - INFO - getting audio chunk 0 from decoder queue consumer to stream to the backend
2026-08-13 14:53:11 - server.services.ttsServices - INFO - Token 0 : 4096 bytes in 0.5416308120002213 seconds
2026-08-13 14:53:11 - server.services.ttsServices - INFO - TTFT for  If you’re unsure, I can start with Backend—focusing on technical questions plus behavioral prompts for a mid-level role. is 0.5416690619995279
2026-08-13 14:53:12 - server.services.ttsServices - INFO - Token 10 : 4096 bytes in 1.8126784609994502 seconds
2026-08-13 14:53:12 - server.services.engine_class - INFO - placed item 100 in the queue waiting to be dispatched to the decoder
2026-08-13 14:53:12 - server.services.engine_class - INFO - consuming token of length 1974 of id 100
2026-08-13 14:53:13 - server.services.ttsServices - INFO - Token 20 : 4096 bytes in 3.127733874999649 seconds
2026-08-13 14:53:14 - server.services.engine_class - INFO - placed item 200 in the queue waiting to be dispatched to the decoder
2026-08-13 14:53:14 - server.services.engine_class - INFO - consuming token of length 3935 of id 200
2026-08-13 14:53:15 - server.services.ttsServices - INFO - Token 30 : 4096 bytes in 4.4432168860003 seconds
2026-08-13 14:53:16 - server.services.engine_class - INFO - placed item 300 in the queue waiting to be dispatched to the decoder
2026-08-13 14:53:16 - server.services.engine_class - INFO - consuming token of length 5898 of id 300
2026-08-13 14:53:16 - server.services.ttsServices - INFO - Token 40 : 4096 bytes in 5.773376625999845 seconds
2026-08-13 14:53:17 - server.services.ttsServices - INFO - Token 50 : 4096 bytes in 7.094469556999684 seconds
2026-08-13 14:53:18 - server.services.engine_class - INFO - placed item 400 in the queue waiting to be dispatched to the decoder
2026-08-13 14:53:18 - server.services.engine_class - INFO - consuming token of length 7854 of id 400
2026-08-13 14:53:19 - server.services.ttsServices - INFO - Token 60 : 4096 bytes in 8.43447498200021 seconds
2026-08-13 14:53:20 - server.services.engine_class - INFO - placed item 500 in the queue waiting to be dispatched to the decoder
2026-08-13 14:53:20 - server.services.engine_class - INFO - consuming token of length 9817 of id 500
2026-08-13 14:53:20 - server.services.ttsServices - INFO - Token 70 : 4096 bytes in 9.76670896900032 seconds
2026-08-13 14:53:21 - server.services.ttsServices - INFO - Token 80 : 4096 bytes in 11.091897936999885 seconds
2026-08-13 14:53:22 - server.services.engine_class - INFO - placed item 600 in the queue waiting to be dispatched to the decoder
2026-08-13 14:53:22 - server.services.engine_class - INFO - consuming token of length 11784 of id 600
2026-08-13 14:53:23 - server.services.ttsServices - INFO - Token 90 : 4096 bytes in 12.419954604999475 seconds
2026-08-13 14:53:23 - server.services.engine_class - INFO - placed item 700 in the queue waiting to be dispatched to the decoder
2026-08-13 14:53:23 - server.services.engine_class - INFO - consuming token of length 13744 of id 700
2026-08-13 14:53:24 - server.services.decoder - INFO - putting chunk generated from the decoder with index 100 in decoder queue
2026-08-13 14:53:24 - server.services.decoder - INFO - getting audio chunk 100 from decoder queue consumer to stream to the backend
2026-08-13 14:53:24 - server.services.ttsServices - INFO - Token 100 : 4096 bytes in 13.748289967000346 seconds
2026-08-13 14:53:25 - server.services.engine_class - INFO - placed item 800 in the queue waiting to be dispatched to the decoder
2026-08-13 14:53:25 - server.services.engine_class - INFO - consuming token of length 15567 of id 800
2026-08-13 14:53:26 - server.services.ttsServices - INFO - Time for sentence  If you’re unsure, I can start with Backend—focusing on technical questions plus behavioral prompts for a mid-level role. : 15.588956489999873
2026-08-13 14:53:26 - server.services.engine_class - INFO - placed item 0 in the queue waiting to be dispatched to the decoder
2026-08-13 14:53:26 - server.services.engine_class - INFO - consuming token of length 18 of id 0
2026-08-13 14:53:27 - server.services.decoder - INFO - putting chunk generated from the decoder with index 0 in decoder queue
2026-08-13 14:53:27 - server.services.decoder - INFO - getting audio chunk 0 from decoder queue consumer to stream to the backend
2026-08-13 14:53:27 - server.services.ttsServices - INFO - Token 0 : 4096 bytes in 0.5366725019994192 seconds
2026-08-13 14:53:27 - server.services.ttsServices - INFO - TTFT for  Also share your seniority and target role so I can adjust the questions. is 0.536711801999445
2026-08-13 14:53:28 - server.services.ttsServices - INFO - Token 10 : 4096 bytes in 1.8275189189998855 seconds
2026-08-13 14:53:28 - server.services.engine_class - INFO - placed item 100 in the queue waiting to be dispatched to the decoder
2026-08-13 14:53:28 - server.services.engine_class - INFO - consuming token of length 1976 of id 100
2026-08-13 14:53:29 - server.services.ttsServices - INFO - Token 20 : 4096 bytes in 3.1374842739996893 seconds
2026-08-13 14:53:30 - server.services.engine_class - INFO - placed item 200 in the queue waiting to be dispatched to the decoder
2026-08-13 14:53:30 - server.services.engine_class - INFO - consuming token of length 3939 of id 200
2026-08-13 14:53:31 - server.services.ttsServices - INFO - Token 30 : 4096 bytes in 4.456584395999926 seconds
2026-08-13 14:53:32 - server.services.engine_class - INFO - placed item 300 in the queue waiting to be dispatched to the decoder
2026-08-13 14:53:32 - server.services.engine_class - INFO - consuming token of length 5903 of id 300
2026-08-13 14:53:32 - server.services.ttsServices - INFO - Token 40 : 4096 bytes in 5.780195172999811 seconds
2026-08-13 14:53:33 - server.services.ttsServices - INFO - Token 50 : 4096 bytes in 7.105147379999835 seconds
2026-08-13 14:53:34 - server.services.engine_class - INFO - placed item 400 in the queue waiting to be dispatched to the decoder
2026-08-13 14:53:34 - server.services.engine_class - INFO - consuming token of length 7863 of id 400
2026-08-13 14:53:35 - server.services.ttsServices - INFO - Time for sentence  Also share your seniority and target role so I can adjust the questions. : 8.292045133999636
2026-08-13 14:53:35 - server.services.engine_class - INFO - placed item 0 in the queue waiting to be dispatched to the decoder
2026-08-13 14:53:35 - server.services.engine_class - INFO - consuming token of length 18 of id 0
2026-08-13 14:53:35 - server.services.decoder - INFO - putting chunk generated from the decoder with index 0 in decoder queue
2026-08-13 14:53:35 - server.services.decoder - INFO - getting audio chunk 0 from decoder queue consumer to stream to the backend
2026-08-13 14:53:35 - server.services.ttsServices - INFO - Token 0 : 4096 bytes in 0.5384433569997782 seconds
2026-08-13 14:53:35 - server.services.ttsServices - INFO - TTFT for  How would you like to proceed? is 0.5384825080000155
2026-08-13 14:53:37 - server.services.ttsServices - INFO - Token 10 : 4096 bytes in 1.83046847300011 seconds
2026-08-13 14:53:37 - server.services.engine_class - INFO - placed item 100 in the queue waiting to be dispatched to the decoder
2026-08-13 14:53:37 - server.services.engine_class - INFO - consuming token of length 1979 of id 100
2026-08-13 14:53:38 - server.services.ttsServices - INFO - Time for sentence  How would you like to proceed? : 3.5291711110003234
2026-08-13 14:57:43 - server.services.engine_class - INFO - placed item 0 in the queue waiting to be dispatched to the decoder
2026-08-13 14:57:43 - server.services.engine_class - INFO - consuming token of length 18 of id 0
2026-08-13 14:57:44 - server.services.decoder - INFO - putting chunk generated from the decoder with index 0 in decoder queue
2026-08-13 14:57:44 - server.services.decoder - INFO - getting audio chunk 0 from decoder queue consumer to stream to the backend
2026-08-13 14:57:44 - server.services.ttsServices - INFO - Token 0 : 4096 bytes in 0.5396854450000319 seconds
2026-08-13 14:57:44 - server.services.ttsServices - INFO - TTFT for Thanks—let's tailor this. is 0.5397265459996561
2026-08-13 14:57:45 - server.services.ttsServices - INFO - Token 10 : 4096 bytes in 1.8293551890001254 seconds
2026-08-13 14:57:45 - server.services.engine_class - INFO - placed item 100 in the queue waiting to be dispatched to the decoder
2026-08-13 14:57:45 - server.services.engine_class - INFO - consuming token of length 1973 of id 100
2026-08-13 14:57:46 - server.services.ttsServices - INFO - Token 20 : 4096 bytes in 3.1458230070002173 seconds
2026-08-13 14:57:47 - server.services.engine_class - INFO - placed item 200 in the queue waiting to be dispatched to the decoder
2026-08-13 14:57:47 - server.services.engine_class - INFO - consuming token of length 3941 of id 200
2026-08-13 14:57:48 - server.services.ttsServices - INFO - Token 30 : 4096 bytes in 4.467470726000101 seconds
2026-08-13 14:57:48 - server.services.ttsServices - INFO - Time for sentence Thanks—let's tailor this. : 5.105785437000122
2026-08-13 14:57:49 - server.services.engine_class - INFO - placed item 0 in the queue waiting to be dispatched to the decoder
2026-08-13 14:57:49 - server.services.engine_class - INFO - consuming token of length 18 of id 0
2026-08-13 14:57:49 - server.services.decoder - INFO - putting chunk generated from the decoder with index 0 in decoder queue
2026-08-13 14:57:49 - server.services.decoder - INFO - getting audio chunk 0 from decoder queue consumer to stream to the backend
2026-08-13 14:57:49 - server.services.ttsServices - INFO - Token 0 : 4096 bytes in 0.5425597160001416 seconds
2026-08-13 14:57:49 - server.services.ttsServices - INFO - TTFT for  Please confirm domain (backend/cloud) and focus areas (technical design, behavioral, leadership, case studies). is 0.5425989659997867
2026-08-13 14:57:50 - server.services.ttsServices - INFO - Token 10 : 4096 bytes in 1.8169498870001917 seconds
2026-08-13 14:57:50 - server.services.engine_class - INFO - placed item 100 in the queue waiting to be dispatched to the decoder
2026-08-13 14:57:50 - server.services.engine_class - INFO - consuming token of length 1978 of id 100
2026-08-13 14:57:52 - server.services.ttsServices - INFO - Token 20 : 4096 bytes in 3.1428703849996964 seconds
2026-08-13 14:57:52 - server.services.engine_class - INFO - placed item 200 in the queue waiting to be dispatched to the decoder
2026-08-13 14:57:52 - server.services.engine_class - INFO - consuming token of length 3941 of id 200
2026-08-13 14:57:53 - server.services.ttsServices - INFO - Token 30 : 4096 bytes in 4.462245243000325 seconds
2026-08-13 14:57:54 - server.services.engine_class - INFO - placed item 300 in the queue waiting to be dispatched to the decoder
2026-08-13 14:57:54 - server.services.engine_class - INFO - consuming token of length 5904 of id 300
2026-08-13 14:57:54 - server.services.ttsServices - INFO - Token 40 : 4096 bytes in 5.779424158999973 seconds
2026-08-13 14:57:56 - server.services.ttsServices - INFO - Token 50 : 4096 bytes in 7.098174378000294 seconds
2026-08-13 14:57:56 - server.services.engine_class - INFO - placed item 400 in the queue waiting to be dispatched to the decoder
2026-08-13 14:57:56 - server.services.engine_class - INFO - consuming token of length 7864 of id 400
2026-08-13 14:57:57 - server.services.ttsServices - INFO - Token 60 : 4096 bytes in 8.43519021100019 seconds
2026-08-13 14:57:58 - server.services.engine_class - INFO - placed item 500 in the queue waiting to be dispatched to the decoder
2026-08-13 14:57:58 - server.services.engine_class - INFO - consuming token of length 9825 of id 500
2026-08-13 14:57:58 - server.services.ttsServices - INFO - Token 70 : 4096 bytes in 9.782838631999766 seconds
2026-08-13 14:58:00 - server.services.ttsServices - INFO - Token 80 : 4096 bytes in 11.103865592000147 seconds
2026-08-13 14:58:00 - server.services.engine_class - INFO - placed item 600 in the queue waiting to be dispatched to the decoder
2026-08-13 14:58:00 - server.services.engine_class - INFO - consuming token of length 11790 of id 600
2026-08-13 14:58:01 - server.services.ttsServices - INFO - Token 90 : 4096 bytes in 12.422092583000449 seconds
2026-08-13 14:58:02 - server.services.engine_class - INFO - placed item 700 in the queue waiting to be dispatched to the decoder
2026-08-13 14:58:02 - server.services.engine_class - INFO - consuming token of length 13756 of id 700
2026-08-13 14:58:02 - server.services.decoder - INFO - putting chunk generated from the decoder with index 100 in decoder queue
2026-08-13 14:58:02 - server.services.decoder - INFO - getting audio chunk 100 from decoder queue consumer to stream to the backend
2026-08-13 14:58:02 - server.services.ttsServices - INFO - Token 100 : 4096 bytes in 13.777507501999935 seconds
2026-08-13 14:58:04 - server.services.ttsServices - INFO - Token 110 : 4096 bytes in 15.110489099000006 seconds
2026-08-13 14:58:04 - server.services.engine_class - INFO - placed item 800 in the queue waiting to be dispatched to the decoder
2026-08-13 14:58:04 - server.services.engine_class - INFO - consuming token of length 15717 of id 800
2026-08-13 14:58:05 - server.services.ttsServices - INFO - Time for sentence  Please confirm domain (backend/cloud) and focus areas (technical design, behavioral, leadership, case studies). : 16.606492158000037
2026-08-13 14:58:06 - server.services.engine_class - INFO - placed item 0 in the queue waiting to be dispatched to the decoder
2026-08-13 14:58:06 - server.services.engine_class - INFO - consuming token of length 18 of id 0
2026-08-13 14:58:06 - server.services.decoder - INFO - putting chunk generated from the decoder with index 0 in decoder queue
2026-08-13 14:58:06 - server.services.decoder - INFO - getting audio chunk 0 from decoder queue consumer to stream to the backend
2026-08-13 14:58:06 - server.services.ttsServices - INFO - Token 0 : 4096 bytes in 0.5372924780003814 seconds
2026-08-13 14:58:06 - server.services.ttsServices - INFO - TTFT for  For a scalable API to handle burst traffic and ensure idempotency, here's a compact design outline: is 0.537332048999815
2026-08-13 14:58:07 - server.services.ttsServices - INFO - Token 10 : 4096 bytes in 1.826740573999814 seconds
2026-08-13 14:58:07 - server.services.engine_class - INFO - placed item 100 in the queue waiting to be dispatched to the decoder
2026-08-13 14:58:07 - server.services.engine_class - INFO - consuming token of length 1978 of id 100
2026-08-13 14:58:09 - server.services.ttsServices - INFO - Token 20 : 4096 bytes in 3.1546417789995758 seconds
2026-08-13 14:58:09 - server.services.engine_class - INFO - placed item 200 in the queue waiting to be dispatched to the decoder
2026-08-13 14:58:09 - server.services.engine_class - INFO - consuming token of length 3941 of id 200
2026-08-13 14:58:10 - server.services.ttsServices - INFO - Token 30 : 4096 bytes in 4.482959160000064 seconds
2026-08-13 14:58:11 - server.services.engine_class - INFO - placed item 300 in the queue waiting to be dispatched to the decoder
2026-08-13 14:58:11 - server.services.engine_class - INFO - consuming token of length 5902 of id 300
2026-08-13 14:58:11 - server.services.ttsServices - INFO - Token 40 : 4096 bytes in 5.802377357999831 seconds
2026-08-13 14:58:13 - server.services.ttsServices - INFO - Token 50 : 4096 bytes in 7.12690334600029 seconds
2026-08-13 14:58:13 - server.services.engine_class - INFO - placed item 400 in the queue waiting to be dispatched to the decoder
2026-08-13 14:58:13 - server.services.engine_class - INFO - consuming token of length 7865 of id 400
2026-08-13 14:58:14 - server.services.ttsServices - INFO - Token 60 : 4096 bytes in 8.44462102000034 seconds
2026-08-13 14:58:15 - server.services.engine_class - INFO - placed item 500 in the queue waiting to be dispatched to the decoder
2026-08-13 14:58:15 - server.services.engine_class - INFO - consuming token of length 9825 of id 500
2026-08-13 14:58:15 - server.services.ttsServices - INFO - Token 70 : 4096 bytes in 9.764071888000217 seconds
2026-08-13 14:58:17 - server.services.ttsServices - INFO - Token 80 : 4096 bytes in 11.086999313999513 seconds
2026-08-13 14:58:17 - server.services.engine_class - INFO - placed item 600 in the queue waiting to be dispatched to the decoder
2026-08-13 14:58:17 - server.services.engine_class - INFO - consuming token of length 11789 of id 600
2026-08-13 14:58:18 - server.services.ttsServices - INFO - Token 90 : 4096 bytes in 12.408251507000386 seconds
2026-08-13 14:58:19 - server.services.engine_class - INFO - placed item 700 in the queue waiting to be dispatched to the decoder
2026-08-13 14:58:19 - server.services.engine_class - INFO - consuming token of length 13545 of id 700
2026-08-13 14:58:19 - server.services.ttsServices - INFO - Time for sentence  For a scalable API to handle burst traffic and ensure idempotency, here's a compact design outline: : 13.22035725800015
2026-08-13 14:58:19 - server.services.engine_class - INFO - placed item 0 in the queue waiting to be dispatched to the decoder
2026-08-13 14:58:19 - server.services.engine_class - INFO - consuming token of length 19 of id 0
2026-08-13 14:58:20 - server.services.decoder - INFO - putting chunk generated from the decoder with index 0 in decoder queue
2026-08-13 14:58:20 - server.services.decoder - INFO - getting audio chunk 0 from decoder queue consumer to stream to the backend
2026-08-13 14:58:20 - server.services.ttsServices - INFO - Token 0 : 4096 bytes in 0.5377375499992922 seconds
2026-08-13 14:58:20 - server.services.ttsServices - INFO - TTFT for  API gateway with burst-aware rate limiting, autoscaled compute, decoupled processing (queue) for spikes, idempotency keys stored with a TTL and dedupe window, idempotent POST/PUT semantics, choice of is 0.5377777699995931
2026-08-13 14:58:21 - server.services.ttsServices - INFO - Token 10 : 4096 bytes in 1.8164672099992458 seconds
2026-08-13 14:58:21 - server.services.engine_class - INFO - placed item 100 in the queue waiting to be dispatched to the decoder
2026-08-13 14:58:21 - server.services.engine_class - INFO - consuming token of length 1980 of id 100
2026-08-13 14:58:22 - server.services.ttsServices - INFO - Token 20 : 4096 bytes in 3.125955468999564 seconds
2026-08-13 14:58:23 - server.services.engine_class - INFO - placed item 200 in the queue waiting to be dispatched to the decoder
2026-08-13 14:58:23 - server.services.engine_class - INFO - consuming token of length 3941 of id 200
2026-08-13 14:58:24 - server.services.ttsServices - INFO - Token 30 : 4096 bytes in 4.437802649999867 seconds
2026-08-13 14:58:25 - server.services.engine_class - INFO - placed item 300 in the queue waiting to be dispatched to the decoder
2026-08-13 14:58:25 - server.services.engine_class - INFO - consuming token of length 5903 of id 300
2026-08-13 14:58:25 - server.services.ttsServices - INFO - Token 40 : 4096 bytes in 5.745389282999895 seconds
2026-08-13 14:58:26 - server.services.ttsServices - INFO - Token 50 : 4096 bytes in 7.063978558999224 seconds
2026-08-13 14:58:27 - server.services.engine_class - INFO - placed item 400 in the queue waiting to be dispatched to the decoder
2026-08-13 14:58:27 - server.services.engine_class - INFO - consuming token of length 7865 of id 400
2026-08-13 14:58:28 - server.services.ttsServices - INFO - Token 60 : 4096 bytes in 8.384353769999507 seconds
2026-08-13 14:58:29 - server.services.engine_class - INFO - placed item 500 in the queue waiting to be dispatched to the decoder
2026-08-13 14:58:29 - server.services.engine_class - INFO - consuming token of length 9825 of id 500
2026-08-13 14:58:29 - server.services.ttsServices - INFO - Token 70 : 4096 bytes in 9.70985198299968 seconds
2026-08-13 14:58:30 - server.services.ttsServices - INFO - Token 80 : 4096 bytes in 11.036735104999934 seconds
2026-08-13 14:58:30 - server.services.engine_class - INFO - placed item 600 in the queue waiting to be dispatched to the decoder
2026-08-13 14:58:30 - server.services.engine_class - INFO - consuming token of length 11784 of id 600
2026-08-13 14:58:32 - server.services.ttsServices - INFO - Token 90 : 4096 bytes in 12.355012385999544 seconds
2026-08-13 14:58:32 - server.services.engine_class - INFO - placed item 700 in the queue waiting to be dispatched to the decoder
2026-08-13 14:58:32 - server.services.engine_class - INFO - consuming token of length 13744 of id 700
2026-08-13 14:58:33 - server.services.decoder - INFO - putting chunk generated from the decoder with index 100 in decoder queue
2026-08-13 14:58:33 - server.services.decoder - INFO - getting audio chunk 100 from decoder queue consumer to stream to the backend
2026-08-13 14:58:33 - server.services.ttsServices - INFO - Token 100 : 4096 bytes in 13.675650110999413 seconds
2026-08-13 14:58:34 - server.services.ttsServices - INFO - Token 110 : 4096 bytes in 15.009364187999381 seconds
2026-08-13 14:58:34 - server.services.engine_class - INFO - placed item 800 in the queue waiting to be dispatched to the decoder
2026-08-13 14:58:34 - server.services.engine_class - INFO - consuming token of length 15705 of id 800
2026-08-13 14:58:36 - server.services.engine_class - INFO - placed item 900 in the queue waiting to be dispatched to the decoder
2026-08-13 14:58:36 - server.services.engine_class - INFO - consuming token of length 17662 of id 900
2026-08-13 14:58:36 - server.services.ttsServices - INFO - Token 120 : 4096 bytes in 16.972486981999282 seconds
2026-08-13 14:58:38 - server.services.ttsServices - INFO - Token 130 : 4096 bytes in 18.302377815 seconds
2026-08-13 14:58:38 - server.services.engine_class - INFO - placed item 1000 in the queue waiting to be dispatched to the decoder
2026-08-13 14:58:38 - server.services.engine_class - INFO - consuming token of length 19622 of id 1000
2026-08-13 14:58:39 - server.services.ttsServices - INFO - Token 140 : 4096 bytes in 19.625549014999706 seconds
2026-08-13 14:58:40 - server.services.engine_class - INFO - placed item 1100 in the queue waiting to be dispatched to the decoder
2026-08-13 14:58:40 - server.services.engine_class - INFO - consuming token of length 21582 of id 1100
2026-08-13 14:58:40 - server.services.ttsServices - INFO - Token 150 : 4096 bytes in 20.955484727000112 seconds
2026-08-13 14:58:41 - server.services.ttsServices - INFO - Token 160 : 4096 bytes in 22.284932339999614 seconds
2026-08-13 14:58:42 - server.services.engine_class - INFO - placed item 1200 in the queue waiting to be dispatched to the decoder
2026-08-13 14:58:42 - server.services.engine_class - INFO - consuming token of length 23544 of id 1200
2026-08-13 14:58:43 - server.services.ttsServices - INFO - Token 170 : 4096 bytes in 23.620344195999678 seconds
2026-08-13 14:58:44 - server.services.engine_class - INFO - placed item 1300 in the queue waiting to be dispatched to the decoder
2026-08-13 14:58:44 - server.services.engine_class - INFO - consuming token of length 25509 of id 1300
2026-08-13 14:58:44 - server.services.ttsServices - INFO - Token 180 : 4096 bytes in 24.959038866999435 seconds
2026-08-13 14:58:45 - server.services.ttsServices - INFO - Token 190 : 4096 bytes in 26.291493001999697 seconds
2026-08-13 14:58:46 - server.services.engine_class - INFO - placed item 1400 in the queue waiting to be dispatched to the decoder
2026-08-13 14:58:46 - server.services.engine_class - INFO - consuming token of length 27471 of id 1400
2026-08-13 14:58:46 - server.services.ttsServices - INFO - Time for sentence  API gateway with burst-aware rate limiting, autoscaled compute, decoupled processing (queue) for spikes, idempotency keys stored with a TTL and dedupe window, idempotent POST/PUT semantics, choice of : 27.16956895599924
2026-08-13 14:58:47 - server.services.engine_class - INFO - placed item 0 in the queue waiting to be dispatched to the decoder
2026-08-13 14:58:47 - server.services.engine_class - INFO - consuming token of length 18 of id 0
2026-08-13 14:58:47 - server.services.decoder - INFO - putting chunk generated from the decoder with index 0 in decoder queue
2026-08-13 14:58:47 - server.services.decoder - INFO - getting audio chunk 0 from decoder queue consumer to stream to the backend
2026-08-13 14:58:47 - server.services.ttsServices - INFO - Token 0 : 4096 bytes in 0.542023161000543 seconds
2026-08-13 14:58:47 - server.services.ttsServices - INFO - TTFT for  data store (SQL/NoSQL) and caching, and strong observability (metrics, traces, alerting). is 0.5420703119998507
2026-08-13 14:58:48 - server.services.ttsServices - INFO - Token 10 : 4096 bytes in 1.8250291570002446 seconds
2026-08-13 14:58:48 - server.services.engine_class - INFO - placed item 100 in the queue waiting to be dispatched to the decoder
2026-08-13 14:58:48 - server.services.engine_class - INFO - consuming token of length 1978 of id 100
2026-08-13 14:58:50 - server.services.ttsServices - INFO - Token 20 : 4096 bytes in 3.137350551000054 seconds
2026-08-13 14:58:50 - server.services.engine_class - INFO - placed item 200 in the queue waiting to be dispatched to the decoder
2026-08-13 14:58:50 - server.services.engine_class - INFO - consuming token of length 3938 of id 200
2026-08-13 14:58:51 - server.services.ttsServices - INFO - Token 30 : 4096 bytes in 4.4653074719999495 seconds
2026-08-13 14:58:52 - server.services.engine_class - INFO - placed item 300 in the queue waiting to be dispatched to the decoder
2026-08-13 14:58:52 - server.services.engine_class - INFO - consuming token of length 5903 of id 300
2026-08-13 14:58:52 - server.services.ttsServices - INFO - Token 40 : 4096 bytes in 5.812021515000197 seconds
2026-08-13 14:58:54 - server.services.ttsServices - INFO - Token 50 : 4096 bytes in 7.12778391700067 seconds
2026-08-13 14:58:54 - server.services.engine_class - INFO - placed item 400 in the queue waiting to be dispatched to the decoder
2026-08-13 14:58:54 - server.services.engine_class - INFO - consuming token of length 7862 of id 400
2026-08-13 14:58:55 - server.services.ttsServices - INFO - Token 60 : 4096 bytes in 8.449578263000149 seconds
2026-08-13 14:58:56 - server.services.engine_class - INFO - placed item 500 in the queue waiting to be dispatched to the decoder
2026-08-13 14:58:56 - server.services.engine_class - INFO - consuming token of length 9821 of id 500
2026-08-13 14:58:56 - server.services.ttsServices - INFO - Token 70 : 4096 bytes in 9.780736929999875 seconds
2026-08-13 14:58:58 - server.services.ttsServices - INFO - Token 80 : 4096 bytes in 11.100650158999997 seconds
2026-08-13 14:58:58 - server.services.engine_class - INFO - placed item 600 in the queue waiting to be dispatched to the decoder
2026-08-13 14:58:58 - server.services.engine_class - INFO - consuming token of length 11779 of id 600
2026-08-13 14:58:59 - server.services.ttsServices - INFO - Token 90 : 4096 bytes in 12.430231824000657 seconds
2026-08-13 14:59:00 - server.services.engine_class - INFO - placed item 700 in the queue waiting to be dispatched to the decoder
2026-08-13 14:59:00 - server.services.engine_class - INFO - consuming token of length 13736 of id 700
2026-08-13 14:59:00 - server.services.ttsServices - INFO - Time for sentence  data store (SQL/NoSQL) and caching, and strong observability (metrics, traces, alerting). : 13.895588740000676
2026-08-13 14:59:01 - server.services.engine_class - INFO - placed item 0 in the queue waiting to be dispatched to the decoder
2026-08-13 14:59:01 - server.services.engine_class - INFO - consuming token of length 18 of id 0
2026-08-13 14:59:01 - server.services.decoder - INFO - putting chunk generated from the decoder with index 0 in decoder queue
2026-08-13 14:59:01 - server.services.decoder - INFO - getting audio chunk 0 from decoder queue consumer to stream to the backend
2026-08-13 14:59:01 - server.services.ttsServices - INFO - Token 0 : 4096 bytes in 0.5413860529997692 seconds
2026-08-13 14:59:01 - server.services.ttsServices - INFO - TTFT for  Key clarifications: is 0.5414234229992871
2026-08-13 14:59:02 - server.services.ttsServices - INFO - Token 10 : 4096 bytes in 1.817640363999999 seconds
2026-08-13 14:59:02 - server.services.engine_class - INFO - placed item 100 in the queue waiting to be dispatched to the decoder
2026-08-13 14:59:02 - server.services.engine_class - INFO - consuming token of length 1977 of id 100
2026-08-13 14:59:04 - server.services.ttsServices - INFO - Time for sentence  Key clarifications: : 3.610729545999675
2026-08-13 14:59:04 - server.services.engine_class - INFO - placed item 0 in the queue waiting to be dispatched to the decoder
2026-08-13 14:59:04 - server.services.engine_class - INFO - consuming token of length 18 of id 0
2026-08-13 14:59:05 - server.services.decoder - INFO - putting chunk generated from the decoder with index 0 in decoder queue
2026-08-13 14:59:05 - server.services.decoder - INFO - getting audio chunk 0 from decoder queue consumer to stream to the backend
2026-08-13 14:59:05 - server.services.ttsServices - INFO - Token 0 : 4096 bytes in 0.5351160660002279 seconds
2026-08-13 14:59:05 - server.services.ttsServices - INFO - TTFT for  target max RPS and burst pattern, latency targets, required idempotency behavior (exactly-once vs dedupe), data consistency needs, disaster recovery, and your tech stack/cloud provider. is 0.5351539560006131
2026-08-13 14:59:06 - server.services.ttsServices - INFO - Token 10 : 4096 bytes in 1.8265994190005586 seconds
2026-08-13 14:59:06 - server.services.engine_class - INFO - placed item 100 in the queue waiting to be dispatched to the decoder
2026-08-13 14:59:06 - server.services.engine_class - INFO - consuming token of length 1981 of id 100
2026-08-13 14:59:08 - server.services.ttsServices - INFO - Token 20 : 4096 bytes in 3.143231302999993 seconds
2026-08-13 14:59:08 - server.services.engine_class - INFO - placed item 200 in the queue waiting to be dispatched to the decoder
2026-08-13 14:59:08 - server.services.engine_class - INFO - consuming token of length 3946 of id 200
2026-08-13 14:59:09 - server.services.ttsServices - INFO - Token 30 : 4096 bytes in 4.463809742000194 seconds
2026-08-13 14:59:10 - server.services.engine_class - INFO - placed item 300 in the queue waiting to be dispatched to the decoder
2026-08-13 14:59:10 - server.services.engine_class - INFO - consuming token of length 5907 of id 300
2026-08-13 14:59:10 - server.services.ttsServices - INFO - Token 40 : 4096 bytes in 5.78237269300007 seconds
2026-08-13 14:59:12 - server.services.ttsServices - INFO - Token 50 : 4096 bytes in 7.124695896000048 seconds
2026-08-13 14:59:12 - server.services.engine_class - INFO - placed item 400 in the queue waiting to be dispatched to the decoder
2026-08-13 14:59:12 - server.services.engine_class - INFO - consuming token of length 7865 of id 400
2026-08-13 14:59:13 - server.services.ttsServices - INFO - Token 60 : 4096 bytes in 8.445805082999868 seconds
2026-08-13 14:59:14 - server.services.engine_class - INFO - placed item 500 in the queue waiting to be dispatched to the decoder
2026-08-13 14:59:14 - server.services.engine_class - INFO - consuming token of length 9826 of id 500
2026-08-13 14:59:14 - server.services.ttsServices - INFO - Token 70 : 4096 bytes in 9.765050034000524 seconds
2026-08-13 14:59:16 - server.services.ttsServices - INFO - Token 80 : 4096 bytes in 11.076947561999987 seconds
2026-08-13 14:59:16 - server.services.engine_class - INFO - placed item 600 in the queue waiting to be dispatched to the decoder
2026-08-13 14:59:16 - server.services.engine_class - INFO - consuming token of length 11789 of id 600
2026-08-13 14:59:17 - server.services.ttsServices - INFO - Token 90 : 4096 bytes in 12.397077715000705 seconds
2026-08-13 14:59:18 - server.services.engine_class - INFO - placed item 700 in the queue waiting to be dispatched to the decoder
2026-08-13 14:59:18 - server.services.engine_class - INFO - consuming token of length 13750 of id 700
2026-08-13 14:59:18 - server.services.decoder - INFO - putting chunk generated from the decoder with index 100 in decoder queue
2026-08-13 14:59:18 - server.services.decoder - INFO - getting audio chunk 100 from decoder queue consumer to stream to the backend
2026-08-13 14:59:18 - server.services.ttsServices - INFO - Token 100 : 4096 bytes in 13.719636302000254 seconds
2026-08-13 14:59:19 - server.services.ttsServices - INFO - Token 110 : 4096 bytes in 15.038283314000182 seconds
2026-08-13 14:59:20 - server.services.engine_class - INFO - placed item 800 in the queue waiting to be dispatched to the decoder
2026-08-13 14:59:20 - server.services.engine_class - INFO - consuming token of length 15711 of id 800
2026-08-13 14:59:21 - server.services.ttsServices - INFO - Token 120 : 4096 bytes in 16.373263124000005 seconds
2026-08-13 14:59:21 - server.services.engine_class - INFO - placed item 900 in the queue waiting to be dispatched to the decoder
2026-08-13 14:59:21 - server.services.engine_class - INFO - consuming token of length 17669 of id 900
2026-08-13 14:59:22 - server.services.ttsServices - INFO - Token 130 : 4096 bytes in 17.70706214800066 seconds
2026-08-13 14:59:23 - server.services.engine_class - INFO - placed item 1000 in the queue waiting to be dispatched to the decoder
2026-08-13 14:59:23 - server.services.engine_class - INFO - consuming token of length 19629 of id 1000
2026-08-13 14:59:23 - server.services.ttsServices - INFO - Token 140 : 4096 bytes in 19.042751628000588 seconds
2026-08-13 14:59:25 - server.services.ttsServices - INFO - Token 150 : 4096 bytes in 20.378913085000022 seconds
2026-08-13 14:59:25 - server.services.engine_class - INFO - placed item 1100 in the queue waiting to be dispatched to the decoder
2026-08-13 14:59:25 - server.services.engine_class - INFO - consuming token of length 21590 of id 1100
2026-08-13 14:59:26 - server.services.ttsServices - INFO - Token 160 : 4096 bytes in 21.716095895000763 seconds
2026-08-13 14:59:27 - server.services.engine_class - INFO - placed item 1200 in the queue waiting to be dispatched to the decoder
2026-08-13 14:59:27 - server.services.engine_class - INFO - consuming token of length 23552 of id 1200
2026-08-13 14:59:27 - server.services.ttsServices - INFO - Token 170 : 4096 bytes in 23.044932589999917 seconds
2026-08-13 14:59:29 - server.services.ttsServices - INFO - Token 180 : 4096 bytes in 24.388918036000177 seconds
2026-08-13 14:59:29 - server.services.engine_class - INFO - placed item 1300 in the queue waiting to be dispatched to the decoder
2026-08-13 14:59:29 - server.services.engine_class - INFO - consuming token of length 25514 of id 1300
2026-08-13 14:59:30 - server.services.ttsServices - INFO - Time for sentence  target max RPS and burst pattern, latency targets, required idempotency behavior (exactly-once vs dedupe), data consistency needs, disaster recovery, and your tech stack/cloud provider. : 25.512047062999955
2026-08-13 14:59:30 - server.services.engine_class - INFO - placed item 0 in the queue waiting to be dispatched to the decoder
2026-08-13 14:59:30 - server.services.engine_class - INFO - consuming token of length 18 of id 0
2026-08-13 14:59:31 - server.services.decoder - INFO - putting chunk generated from the decoder with index 0 in decoder queue
2026-08-13 14:59:31 - server.services.decoder - INFO - getting audio chunk 0 from decoder queue consumer to stream to the backend
2026-08-13 14:59:31 - server.services.ttsServices - INFO - Token 0 : 4096 bytes in 0.5415456900000208 seconds
2026-08-13 14:59:31 - server.services.ttsServices - INFO - TTFT for  Would you like me to provide a concrete design prompt for you to answer or proceed with a live Q&A on this topic? is 0.5415871799996239
2026-08-13 14:59:32 - server.services.ttsServices - INFO - Token 10 : 4096 bytes in 1.8134151999993264 seconds
2026-08-13 14:59:32 - server.services.engine_class - INFO - placed item 100 in the queue waiting to be dispatched to the decoder
2026-08-13 14:59:32 - server.services.engine_class - INFO - consuming token of length 1978 of id 100
2026-08-13 14:59:33 - server.services.ttsServices - INFO - Token 20 : 4096 bytes in 3.1117996299999504 seconds
2026-08-13 14:59:34 - server.services.engine_class - INFO - placed item 200 in the queue waiting to be dispatched to the decoder
2026-08-13 14:59:34 - server.services.engine_class - INFO - consuming token of length 3939 of id 200
2026-08-13 14:59:35 - server.services.ttsServices - INFO - Token 30 : 4096 bytes in 4.413888951999979 seconds
2026-08-13 14:59:36 - server.services.engine_class - INFO - placed item 300 in the queue waiting to be dispatched to the decoder
2026-08-13 14:59:36 - server.services.engine_class - INFO - consuming token of length 5904 of id 300
2026-08-13 14:59:36 - server.services.ttsServices - INFO - Token 40 : 4096 bytes in 5.715112571999271 seconds
2026-08-13 14:59:37 - server.services.ttsServices - INFO - Token 50 : 4096 bytes in 7.017128151999714 seconds
2026-08-13 14:59:38 - server.services.engine_class - INFO - placed item 400 in the queue waiting to be dispatched to the decoder
2026-08-13 14:59:38 - server.services.engine_class - INFO - consuming token of length 7867 of id 400
2026-08-13 14:59:39 - server.services.ttsServices - INFO - Token 60 : 4096 bytes in 8.331950251999842 seconds
2026-08-13 14:59:40 - server.services.engine_class - INFO - placed item 500 in the queue waiting to be dispatched to the decoder
2026-08-13 14:59:40 - server.services.engine_class - INFO - consuming token of length 9826 of id 500
2026-08-13 14:59:40 - server.services.ttsServices - INFO - Token 70 : 4096 bytes in 9.655031925999538 seconds
2026-08-13 14:59:41 - server.services.ttsServices - INFO - Token 80 : 4096 bytes in 10.984240785999646 seconds
2026-08-13 14:59:41 - server.services.engine_class - INFO - placed item 600 in the queue waiting to be dispatched to the decoder
2026-08-13 14:59:41 - server.services.engine_class - INFO - consuming token of length 11783 of id 600
2026-08-13 14:59:42 - server.services.ttsServices - INFO - Time for sentence  Would you like me to provide a concrete design prompt for you to answer or proceed with a live Q&A on this topic? : 12.196113199999672
2026-08-13 15:00:53 - server.services.engine_class - INFO - placed item 0 in the queue waiting to be dispatched to the decoder
2026-08-13 15:00:53 - server.services.engine_class - INFO - consuming token of length 18 of id 0
2026-08-13 15:00:53 - server.services.decoder - INFO - putting chunk generated from the decoder with index 0 in decoder queue
2026-08-13 15:00:53 - server.services.decoder - INFO - getting audio chunk 0 from decoder queue consumer to stream to the backend
2026-08-13 15:00:53 - server.services.ttsServices - INFO - Token 0 : 4096 bytes in 0.5374097009998877 seconds
2026-08-13 15:00:53 - server.services.ttsServices - INFO - TTFT for Let’s pick a format: is 0.5374503319999349
2026-08-13 15:00:55 - server.services.ttsServices - INFO - Token 10 : 4096 bytes in 1.8473454720005975 seconds
2026-08-13 15:00:55 - server.services.engine_class - INFO - placed item 100 in the queue waiting to be dispatched to the decoder
2026-08-13 15:00:55 - server.services.engine_class - INFO - consuming token of length 1978 of id 100
2026-08-13 15:00:56 - server.services.ttsServices - INFO - Time for sentence Let’s pick a format: : 3.4593621940002777
2026-08-13 15:00:56 - server.services.engine_class - INFO - placed item 0 in the queue waiting to be dispatched to the decoder
2026-08-13 15:00:56 - server.services.engine_class - INFO - consuming token of length 18 of id 0
2026-08-13 15:00:57 - server.services.decoder - INFO - putting chunk generated from the decoder with index 0 in decoder queue
2026-08-13 15:00:57 - server.services.decoder - INFO - getting audio chunk 0 from decoder queue consumer to stream to the backend
2026-08-13 15:00:57 - server.services.ttsServices - INFO - Token 0 : 4096 bytes in 0.5406421359994056 seconds
2026-08-13 15:00:57 - server.services.ttsServices - INFO - TTFT for  1) provide a concrete design prompt for you to answer, or 2) run a live Q&A on scalable API design. is 0.5406817769999179
2026-08-13 15:00:58 - server.services.ttsServices - INFO - Token 10 : 4096 bytes in 1.8317711049994614 seconds
2026-08-13 15:00:58 - server.services.engine_class - INFO - placed item 100 in the queue waiting to be dispatched to the decoder
2026-08-13 15:00:58 - server.services.engine_class - INFO - consuming token of length 1975 of id 100
2026-08-13 15:01:00 - server.services.ttsServices - INFO - Token 20 : 4096 bytes in 3.15254419699977 seconds
2026-08-13 15:01:00 - server.services.engine_class - INFO - placed item 200 in the queue waiting to be dispatched to the decoder
2026-08-13 15:01:00 - server.services.engine_class - INFO - consuming token of length 3939 of id 200
2026-08-13 15:01:01 - server.services.ttsServices - INFO - Token 30 : 4096 bytes in 4.472706439999456 seconds
2026-08-13 15:01:02 - server.services.engine_class - INFO - placed item 300 in the queue waiting to be dispatched to the decoder
2026-08-13 15:01:02 - server.services.engine_class - INFO - consuming token of length 5904 of id 300
2026-08-13 15:01:02 - server.services.ttsServices - INFO - Token 40 : 4096 bytes in 5.795504069999879 seconds
2026-08-13 15:01:03 - server.services.ttsServices - INFO - Token 50 : 4096 bytes in 7.1093395549996785 seconds
2026-08-13 15:01:04 - server.services.engine_class - INFO - placed item 400 in the queue waiting to be dispatched to the decoder
2026-08-13 15:01:04 - server.services.engine_class - INFO - consuming token of length 7861 of id 400
2026-08-13 15:01:05 - server.services.ttsServices - INFO - Token 60 : 4096 bytes in 8.422579149999365 seconds
2026-08-13 15:01:06 - server.services.engine_class - INFO - placed item 500 in the queue waiting to be dispatched to the decoder
2026-08-13 15:01:06 - server.services.engine_class - INFO - consuming token of length 9820 of id 500
2026-08-13 15:01:06 - server.services.ttsServices - INFO - Token 70 : 4096 bytes in 9.744427790999907 seconds
2026-08-13 15:01:07 - server.services.ttsServices - INFO - Token 80 : 4096 bytes in 11.06782713299981 seconds
2026-08-13 15:01:08 - server.services.engine_class - INFO - placed item 600 in the queue waiting to be dispatched to the decoder
2026-08-13 15:01:08 - server.services.engine_class - INFO - consuming token of length 11778 of id 600
2026-08-13 15:01:09 - server.services.ttsServices - INFO - Token 90 : 4096 bytes in 12.396951985999294 seconds
2026-08-13 15:01:10 - server.services.engine_class - INFO - placed item 700 in the queue waiting to be dispatched to the decoder
2026-08-13 15:01:10 - server.services.engine_class - INFO - consuming token of length 13740 of id 700
2026-08-13 15:01:10 - server.services.decoder - INFO - putting chunk generated from the decoder with index 100 in decoder queue
2026-08-13 15:01:10 - server.services.decoder - INFO - getting audio chunk 100 from decoder queue consumer to stream to the backend
2026-08-13 15:01:10 - server.services.ttsServices - INFO - Token 100 : 4096 bytes in 13.72494984199966 seconds
2026-08-13 15:01:11 - server.services.engine_class - INFO - placed item 800 in the queue waiting to be dispatched to the decoder
2026-08-13 15:01:11 - server.services.engine_class - INFO - consuming token of length 15362 of id 800
2026-08-13 15:01:12 - server.services.ttsServices - INFO - Time for sentence  1) provide a concrete design prompt for you to answer, or 2) run a live Q&A on scalable API design. : 15.146413961999315
2026-08-13 15:01:12 - server.services.engine_class - INFO - placed item 0 in the queue waiting to be dispatched to the decoder
2026-08-13 15:01:12 - server.services.engine_class - INFO - consuming token of length 18 of id 0
2026-08-13 15:01:13 - server.services.decoder - INFO - putting chunk generated from the decoder with index 0 in decoder queue
2026-08-13 15:01:13 - server.services.decoder - INFO - getting audio chunk 0 from decoder queue consumer to stream to the backend
2026-08-13 15:01:13 - server.services.ttsServices - INFO - Token 0 : 4096 bytes in 0.5407801159999508 seconds
2026-08-13 15:01:13 - server.services.ttsServices - INFO - TTFT for  Which do you prefer? is 0.540809786999489
2026-08-13 15:01:14 - server.services.ttsServices - INFO - Token 10 : 4096 bytes in 1.827535207999972 seconds
2026-08-13 15:01:14 - server.services.engine_class - INFO - placed item 100 in the queue waiting to be dispatched to the decoder
2026-08-13 15:01:14 - server.services.engine_class - INFO - consuming token of length 1979 of id 100
2026-08-13 15:01:15 - server.services.ttsServices - INFO - Token 20 : 4096 bytes in 3.144377259999601 seconds
2026-08-13 15:01:16 - server.services.engine_class - INFO - placed item 200 in the queue waiting to be dispatched to the decoder
2026-08-13 15:01:16 - server.services.engine_class - INFO - consuming token of length 3494 of id 200
2026-08-13 15:01:16 - server.services.ttsServices - INFO - Time for sentence  Which do you prefer? : 4.4003109719997155
2026-08-13 15:01:17 - server.services.engine_class - INFO - placed item 0 in the queue waiting to be dispatched to the decoder
2026-08-13 15:01:17 - server.services.engine_class - INFO - consuming token of length 19 of id 0
2026-08-13 15:01:17 - server.services.decoder - INFO - putting chunk generated from the decoder with index 0 in decoder queue
2026-08-13 15:01:17 - server.services.decoder - INFO - getting audio chunk 0 from decoder queue consumer to stream to the backend
2026-08-13 15:01:17 - server.services.ttsServices - INFO - Token 0 : 4096 bytes in 0.5374714990002758 seconds
2026-08-13 15:01:17 - server.services.ttsServices - INFO - TTFT for  Also, tell me the domain to tailor examples to (backend, cloud, frontend, or ML) and the target seniority. is 0.5375219500001549
2026-08-13 15:01:19 - server.services.ttsServices - INFO - Token 10 : 4096 bytes in 1.8354003670001475 seconds
2026-08-13 15:01:19 - server.services.engine_class - INFO - placed item 100 in the queue waiting to be dispatched to the decoder
2026-08-13 15:01:19 - server.services.engine_class - INFO - consuming token of length 1981 of id 100
2026-08-13 15:01:20 - server.services.ttsServices - INFO - Token 20 : 4096 bytes in 3.1506933970003956 seconds
2026-08-13 15:01:21 - server.services.engine_class - INFO - placed item 200 in the queue waiting to be dispatched to the decoder
2026-08-13 15:01:21 - server.services.engine_class - INFO - consuming token of length 3941 of id 200
2026-08-13 15:01:21 - server.services.ttsServices - INFO - Token 30 : 4096 bytes in 4.471779694000361 seconds
2026-08-13 15:01:22 - server.services.engine_class - INFO - placed item 300 in the queue waiting to be dispatched to the decoder
2026-08-13 15:01:22 - server.services.engine_class - INFO - consuming token of length 5905 of id 300
2026-08-13 15:01:23 - server.services.ttsServices - INFO - Token 40 : 4096 bytes in 5.791806565000115 seconds
2026-08-13 15:01:24 - server.services.ttsServices - INFO - Token 50 : 4096 bytes in 7.115736650000144 seconds
2026-08-13 15:01:24 - server.services.engine_class - INFO - placed item 400 in the queue waiting to be dispatched to the decoder
2026-08-13 15:01:24 - server.services.engine_class - INFO - consuming token of length 7869 of id 400
2026-08-13 15:01:25 - server.services.ttsServices - INFO - Token 60 : 4096 bytes in 8.42893348600046 seconds
2026-08-13 15:01:26 - server.services.engine_class - INFO - placed item 500 in the queue waiting to be dispatched to the decoder
2026-08-13 15:01:26 - server.services.engine_class - INFO - consuming token of length 9831 of id 500
2026-08-13 15:01:27 - server.services.ttsServices - INFO - Token 70 : 4096 bytes in 9.75875138399988 seconds
2026-08-13 15:01:28 - server.services.ttsServices - INFO - Token 80 : 4096 bytes in 11.21388296800069 seconds
2026-08-13 15:01:28 - server.services.engine_class - INFO - placed item 600 in the queue waiting to be dispatched to the decoder
2026-08-13 15:01:28 - server.services.engine_class - INFO - consuming token of length 11788 of id 600
2026-08-13 15:01:30 - server.services.ttsServices - INFO - Time for sentence  Also, tell me the domain to tailor examples to (backend, cloud, frontend, or ML) and the target seniority. : 12.954401197000152
2026-08-13 15:01:30 - server.services.engine_class - INFO - placed item 0 in the queue waiting to be dispatched to the decoder
2026-08-13 15:01:30 - server.services.engine_class - INFO - consuming token of length 18 of id 0
2026-08-13 15:01:31 - server.services.decoder - INFO - putting chunk generated from the decoder with index 0 in decoder queue
2026-08-13 15:01:31 - server.services.decoder - INFO - getting audio chunk 0 from decoder queue consumer to stream to the backend
2026-08-13 15:01:31 - server.services.ttsServices - INFO - Token 0 : 4096 bytes in 0.5371738839994578 seconds
2026-08-13 15:01:31 - server.services.ttsServices - INFO - TTFT for  If you choose live Q&A, I’ll start with a prompt like: is 0.5372139640003297
2026-08-13 15:01:32 - server.services.ttsServices - INFO - Token 10 : 4096 bytes in 1.8302565399999366 seconds
2026-08-13 15:01:32 - server.services.engine_class - INFO - placed item 100 in the queue waiting to be dispatched to the decoder
2026-08-13 15:01:32 - server.services.engine_class - INFO - consuming token of length 1981 of id 100
2026-08-13 15:01:33 - server.services.ttsServices - INFO - Token 20 : 4096 bytes in 3.1478292669999064 seconds
2026-08-13 15:01:34 - server.services.engine_class - INFO - placed item 200 in the queue waiting to be dispatched to the decoder
2026-08-13 15:01:34 - server.services.engine_class - INFO - consuming token of length 3943 of id 200
2026-08-13 15:01:35 - server.services.ttsServices - INFO - Token 30 : 4096 bytes in 4.469996367999556 seconds
2026-08-13 15:01:36 - server.services.engine_class - INFO - placed item 300 in the queue waiting to be dispatched to the decoder
2026-08-13 15:01:36 - server.services.engine_class - INFO - consuming token of length 5903 of id 300
2026-08-13 15:01:36 - server.services.ttsServices - INFO - Token 40 : 4096 bytes in 5.793915582999944 seconds
2026-08-13 15:01:37 - server.services.ttsServices - INFO - Token 50 : 4096 bytes in 7.116086050999911 seconds
2026-08-13 15:01:38 - server.services.engine_class - INFO - placed item 400 in the queue waiting to be dispatched to the decoder
2026-08-13 15:01:38 - server.services.engine_class - INFO - consuming token of length 7863 of id 400
2026-08-13 15:01:38 - server.services.ttsServices - INFO - Time for sentence  If you choose live Q&A, I’ll start with a prompt like: : 8.236381537999478
2026-08-13 15:01:39 - server.services.engine_class - INFO - placed item 0 in the queue waiting to be dispatched to the decoder
2026-08-13 15:01:39 - server.services.engine_class - INFO - consuming token of length 18 of id 0
2026-08-13 15:01:39 - server.services.decoder - INFO - putting chunk generated from the decoder with index 0 in decoder queue
2026-08-13 15:01:39 - server.services.decoder - INFO - getting audio chunk 0 from decoder queue consumer to stream to the backend
2026-08-13 15:01:39 - server.services.ttsServices - INFO - Token 0 : 4096 bytes in 0.5386910090001038 seconds
2026-08-13 15:01:39 - server.services.ttsServices - INFO - TTFT for  design a scalable backend API that handles burst traffic while guaranteeing idempotency—outline architecture, API surface, idempotency keys and retry strategy, rate limiting, data consistency, and deployment is 0.5387289199998122
2026-08-13 15:01:41 - server.services.ttsServices - INFO - Token 10 : 4096 bytes in 1.8335417089992916 seconds
2026-08-13 15:01:41 - server.services.engine_class - INFO - placed item 100 in the queue waiting to be dispatched to the decoder
2026-08-13 15:01:41 - server.services.engine_class - INFO - consuming token of length 1981 of id 100
2026-08-13 15:01:42 - server.services.ttsServices - INFO - Token 20 : 4096 bytes in 3.1505133179998666 seconds
2026-08-13 15:01:43 - server.services.engine_class - INFO - placed item 200 in the queue waiting to be dispatched to the decoder
2026-08-13 15:01:43 - server.services.engine_class - INFO - consuming token of length 3941 of id 200
2026-08-13 15:01:43 - server.services.ttsServices - INFO - Token 30 : 4096 bytes in 4.471298069999648 seconds
2026-08-13 15:01:44 - server.services.engine_class - INFO - placed item 300 in the queue waiting to be dispatched to the decoder
2026-08-13 15:01:44 - server.services.engine_class - INFO - consuming token of length 5904 of id 300
2026-08-13 15:01:45 - server.services.ttsServices - INFO - Token 40 : 4096 bytes in 5.788221477999286 seconds
2026-08-13 15:01:46 - server.services.ttsServices - INFO - Token 50 : 4096 bytes in 7.106443933999799 seconds
2026-08-13 15:01:46 - server.services.engine_class - INFO - placed item 400 in the queue waiting to be dispatched to the decoder
2026-08-13 15:01:46 - server.services.engine_class - INFO - consuming token of length 7864 of id 400
2026-08-13 15:01:47 - server.services.ttsServices - INFO - Token 60 : 4096 bytes in 8.432256985000095 seconds
2026-08-13 15:01:48 - server.services.engine_class - INFO - placed item 500 in the queue waiting to be dispatched to the decoder
2026-08-13 15:01:48 - server.services.engine_class - INFO - consuming token of length 9828 of id 500
2026-08-13 15:01:49 - server.services.ttsServices - INFO - Token 70 : 4096 bytes in 9.757321946999582 seconds
2026-08-13 15:01:50 - server.services.ttsServices - INFO - Token 80 : 4096 bytes in 11.101447893999648 seconds
2026-08-13 15:01:50 - server.services.engine_class - INFO - placed item 600 in the queue waiting to be dispatched to the decoder
2026-08-13 15:01:50 - server.services.engine_class - INFO - consuming token of length 11785 of id 600
2026-08-13 15:01:51 - server.services.ttsServices - INFO - Token 90 : 4096 bytes in 12.431415553999614 seconds
2026-08-13 15:01:52 - server.services.engine_class - INFO - placed item 700 in the queue waiting to be dispatched to the decoder
2026-08-13 15:01:52 - server.services.engine_class - INFO - consuming token of length 13747 of id 700
2026-08-13 15:01:53 - server.services.decoder - INFO - putting chunk generated from the decoder with index 100 in decoder queue
2026-08-13 15:01:53 - server.services.decoder - INFO - getting audio chunk 100 from decoder queue consumer to stream to the backend
2026-08-13 15:01:53 - server.services.ttsServices - INFO - Token 100 : 4096 bytes in 13.75835791099962 seconds
2026-08-13 15:01:54 - server.services.ttsServices - INFO - Token 110 : 4096 bytes in 15.087926858999708 seconds
2026-08-13 15:01:54 - server.services.engine_class - INFO - placed item 800 in the queue waiting to be dispatched to the decoder
2026-08-13 15:01:54 - server.services.engine_class - INFO - consuming token of length 15709 of id 800
2026-08-13 15:01:55 - server.services.ttsServices - INFO - Token 120 : 4096 bytes in 16.41475304799951 seconds
2026-08-13 15:01:56 - server.services.engine_class - INFO - placed item 900 in the queue waiting to be dispatched to the decoder
2026-08-13 15:01:56 - server.services.engine_class - INFO - consuming token of length 17672 of id 900
2026-08-13 15:01:56 - server.services.ttsServices - INFO - Token 130 : 4096 bytes in 17.746017759000097 seconds
2026-08-13 15:01:58 - server.services.engine_class - INFO - placed item 1000 in the queue waiting to be dispatched to the decoder
2026-08-13 15:01:58 - server.services.engine_class - INFO - consuming token of length 19632 of id 1000
2026-08-13 15:01:58 - server.services.ttsServices - INFO - Token 140 : 4096 bytes in 19.084487970999362 seconds
2026-08-13 15:01:59 - server.services.ttsServices - INFO - Token 150 : 4096 bytes in 20.42260149699996 seconds
2026-08-13 15:02:00 - server.services.engine_class - INFO - placed item 1100 in the queue waiting to be dispatched to the decoder
2026-08-13 15:02:00 - server.services.engine_class - INFO - consuming token of length 21596 of id 1100
2026-08-13 15:02:01 - server.services.ttsServices - INFO - Token 160 : 4096 bytes in 21.7554757099997 seconds
2026-08-13 15:02:01 - server.services.engine_class - INFO - placed item 1200 in the queue waiting to be dispatched to the decoder
2026-08-13 15:02:01 - server.services.engine_class - INFO - consuming token of length 23557 of id 1200
2026-08-13 15:02:02 - server.services.ttsServices - INFO - Token 170 : 4096 bytes in 23.090729106999788 seconds
2026-08-13 15:02:03 - server.services.ttsServices - INFO - Token 180 : 4096 bytes in 24.444823725999413 seconds
2026-08-13 15:02:03 - server.services.engine_class - INFO - placed item 1300 in the queue waiting to be dispatched to the decoder
2026-08-13 15:02:03 - server.services.engine_class - INFO - consuming token of length 25522 of id 1300
2026-08-13 15:02:04 - server.services.ttsServices - INFO - Time for sentence  design a scalable backend API that handles burst traffic while guaranteeing idempotency—outline architecture, API surface, idempotency keys and retry strategy, rate limiting, data consistency, and deployment : 25.693790809999882
2026-08-13 15:02:05 - server.services.engine_class - INFO - placed item 0 in the queue waiting to be dispatched to the decoder
2026-08-13 15:02:05 - server.services.engine_class - INFO - consuming token of length 18 of id 0
2026-08-13 15:02:05 - server.services.decoder - INFO - putting chunk generated from the decoder with index 0 in decoder queue
2026-08-13 15:02:05 - server.services.decoder - INFO - getting audio chunk 0 from decoder queue consumer to stream to the backend
2026-08-13 15:02:05 - server.services.ttsServices - INFO - Token 0 : 4096 bytes in 0.5392168540001876 seconds
2026-08-13 15:02:05 - server.services.ttsServices - INFO - TTFT for  considerations. is 0.5392688750007437
2026-08-13 15:02:07 - server.services.ttsServices - INFO - Token 10 : 4096 bytes in 1.8252016140004343 seconds
2026-08-13 15:02:07 - server.services.engine_class - INFO - placed item 100 in the queue waiting to be dispatched to the decoder
2026-08-13 15:02:07 - server.services.engine_class - INFO - consuming token of length 1980 of id 100
2026-08-13 15:02:08 - server.services.ttsServices - INFO - Token 20 : 4096 bytes in 3.140936328000862 seconds
2026-08-13 15:02:09 - server.services.engine_class - INFO - placed item 200 in the queue waiting to be dispatched to the decoder
2026-08-13 15:02:09 - server.services.engine_class - INFO - consuming token of length 3634 of id 200
2026-08-13 15:02:09 - server.services.ttsServices - INFO - Time for sentence  considerations. : 3.939737028000309
2026-08-13 15:07:12 - server.services.engine_class - INFO - placed item 0 in the queue waiting to be dispatched to the decoder
2026-08-13 15:07:12 - server.services.engine_class - INFO - consuming token of length 18 of id 0
2026-08-13 15:07:13 - server.services.decoder - INFO - putting chunk generated from the decoder with index 0 in decoder queue
2026-08-13 15:07:13 - server.services.decoder - INFO - getting audio chunk 0 from decoder queue consumer to stream to the backend
2026-08-13 15:07:13 - server.services.ttsServices - INFO - Token 0 : 4096 bytes in 0.5420165830000769 seconds
2026-08-13 15:07:13 - server.services.ttsServices - INFO - TTFT for let's move to the next question. is 0.5420537939999122
2026-08-13 15:07:14 - server.services.ttsServices - INFO - Token 10 : 4096 bytes in 1.8315734379993955 seconds
2026-08-13 15:07:14 - server.services.engine_class - INFO - placed item 100 in the queue waiting to be dispatched to the decoder
2026-08-13 15:07:14 - server.services.engine_class - INFO - consuming token of length 1974 of id 100
2026-08-13 15:07:15 - server.services.ttsServices - INFO - Token 20 : 4096 bytes in 3.144228154999837 seconds
2026-08-13 15:07:16 - server.services.engine_class - INFO - placed item 200 in the queue waiting to be dispatched to the decoder
2026-08-13 15:07:16 - server.services.engine_class - INFO - consuming token of length 3520 of id 200
2026-08-13 15:07:17 - server.services.ttsServices - INFO - Time for sentence let's move to the next question. : 4.435452489999989
2026-08-13 15:07:17 - server.services.engine_class - INFO - placed item 0 in the queue waiting to be dispatched to the decoder
2026-08-13 15:07:17 - server.services.engine_class - INFO - consuming token of length 18 of id 0
2026-08-13 15:07:17 - server.services.decoder - INFO - putting chunk generated from the decoder with index 0 in decoder queue
2026-08-13 15:07:17 - server.services.decoder - INFO - getting audio chunk 0 from decoder queue consumer to stream to the backend
2026-08-13 15:07:17 - server.services.ttsServices - INFO - Token 0 : 4096 bytes in 0.5403605550000066 seconds
2026-08-13 15:07:17 - server.services.ttsServices - INFO - TTFT for  Do you want a concrete design prompt (I provide a full spec, constraints, and acceptance criteria) or a live Q&A where I ask you questions step by step? is 0.5404032549995463
2026-08-13 15:07:19 - server.services.ttsServices - INFO - Token 10 : 4096 bytes in 1.8297156099997665 seconds
2026-08-13 15:07:19 - server.services.engine_class - INFO - placed item 100 in the queue waiting to be dispatched to the decoder
2026-08-13 15:07:19 - server.services.engine_class - INFO - consuming token of length 1981 of id 100
2026-08-13 15:07:20 - server.services.ttsServices - INFO - Token 20 : 4096 bytes in 3.14867071199933 seconds
2026-08-13 15:07:21 - server.services.engine_class - INFO - placed item 200 in the queue waiting to be dispatched to the decoder
2026-08-13 15:07:21 - server.services.engine_class - INFO - consuming token of length 3940 of id 200
2026-08-13 15:07:21 - server.services.ttsServices - INFO - Token 30 : 4096 bytes in 4.473591778999435 seconds
2026-08-13 15:07:23 - server.services.engine_class - INFO - placed item 300 in the queue waiting to be dispatched to the decoder
2026-08-13 15:07:23 - server.services.engine_class - INFO - consuming token of length 5904 of id 300
2026-08-13 15:07:23 - server.services.ttsServices - INFO - Token 40 : 4096 bytes in 5.824897647999933 seconds
2026-08-13 15:07:24 - server.services.engine_class - INFO - placed item 400 in the queue waiting to be dispatched to the decoder
2026-08-13 15:07:24 - server.services.engine_class - INFO - consuming token of length 7866 of id 400
2026-08-13 15:07:25 - server.services.ttsServices - INFO - Token 50 : 4096 bytes in 7.791915695999705 seconds
2026-08-13 15:07:26 - server.services.ttsServices - INFO - Token 60 : 4096 bytes in 9.138875973999347 seconds
2026-08-13 15:07:26 - server.services.engine_class - INFO - placed item 500 in the queue waiting to be dispatched to the decoder
2026-08-13 15:07:26 - server.services.engine_class - INFO - consuming token of length 9830 of id 500
2026-08-13 15:07:27 - server.services.ttsServices - INFO - Token 70 : 4096 bytes in 10.463131760999204 seconds
2026-08-13 15:07:28 - server.services.engine_class - INFO - placed item 600 in the queue waiting to be dispatched to the decoder
2026-08-13 15:07:28 - server.services.engine_class - INFO - consuming token of length 11793 of id 600
2026-08-13 15:07:29 - server.services.ttsServices - INFO - Token 80 : 4096 bytes in 11.780837345999316 seconds
2026-08-13 15:07:30 - server.services.ttsServices - INFO - Token 90 : 4096 bytes in 13.109018858999661 seconds
2026-08-13 15:07:30 - server.services.engine_class - INFO - placed item 700 in the queue waiting to be dispatched to the decoder
2026-08-13 15:07:30 - server.services.engine_class - INFO - consuming token of length 13758 of id 700
2026-08-13 15:07:31 - server.services.ttsServices - INFO - Time for sentence  Do you want a concrete design prompt (I provide a full spec, constraints, and acceptance criteria) or a live Q&A where I ask you questions step by step? : 14.535404958000072
2026-08-13 15:07:32 - server.services.engine_class - INFO - placed item 0 in the queue waiting to be dispatched to the decoder
2026-08-13 15:07:32 - server.services.engine_class - INFO - consuming token of length 18 of id 0
2026-08-13 15:07:32 - server.services.decoder - INFO - putting chunk generated from the decoder with index 0 in decoder queue
2026-08-13 15:07:32 - server.services.decoder - INFO - getting audio chunk 0 from decoder queue consumer to stream to the backend
2026-08-13 15:07:32 - server.services.ttsServices - INFO - Token 0 : 4096 bytes in 0.5384495209991655 seconds
2026-08-13 15:07:32 - server.services.ttsServices - INFO - TTFT for  Domain: backend API in cloud. is 0.5384873409993816
2026-08-13 15:07:33 - server.services.ttsServices - INFO - Token 10 : 4096 bytes in 1.830234634999215 seconds
2026-08-13 15:07:34 - server.services.engine_class - INFO - placed item 100 in the queue waiting to be dispatched to the decoder
2026-08-13 15:07:34 - server.services.engine_class - INFO - consuming token of length 1978 of id 100
2026-08-13 15:07:35 - server.services.ttsServices - INFO - Token 20 : 4096 bytes in 3.1475403249996816 seconds
2026-08-13 15:07:35 - server.services.engine_class - INFO - placed item 200 in the queue waiting to be dispatched to the decoder
2026-08-13 15:07:35 - server.services.engine_class - INFO - consuming token of length 3941 of id 200
2026-08-13 15:07:36 - server.services.ttsServices - INFO - Token 30 : 4096 bytes in 4.465904850999323 seconds
2026-08-13 15:07:37 - server.services.engine_class - INFO - placed item 300 in the queue waiting to be dispatched to the decoder
2026-08-13 15:07:37 - server.services.engine_class - INFO - consuming token of length 5906 of id 300
2026-08-13 15:07:37 - server.services.ttsServices - INFO - Token 40 : 4096 bytes in 5.785461232999296 seconds
2026-08-13 15:07:38 - server.services.ttsServices - INFO - Time for sentence  Domain: backend API in cloud. : 6.150778029999856
2026-08-13 15:07:38 - server.services.engine_class - INFO - placed item 0 in the queue waiting to be dispatched to the decoder
2026-08-13 15:07:38 - server.services.engine_class - INFO - consuming token of length 18 of id 0
2026-08-13 15:07:39 - server.services.decoder - INFO - putting chunk generated from the decoder with index 0 in decoder queue
2026-08-13 15:07:39 - server.services.decoder - INFO - getting audio chunk 0 from decoder queue consumer to stream to the backend
2026-08-13 15:07:39 - server.services.ttsServices - INFO - Token 0 : 4096 bytes in 0.5351457269998718 seconds
2026-08-13 15:07:39 - server.services.ttsServices - INFO - TTFT for  If you pick live Q&A, I’ll cover: is 0.5351965780000683
2026-08-13 15:07:40 - server.services.ttsServices - INFO - Token 10 : 4096 bytes in 1.8095205290001104 seconds
2026-08-13 15:07:40 - server.services.engine_class - INFO - placed item 100 in the queue waiting to be dispatched to the decoder
2026-08-13 15:07:40 - server.services.engine_class - INFO - consuming token of length 1978 of id 100
2026-08-13 15:07:41 - server.services.ttsServices - INFO - Token 20 : 4096 bytes in 3.117411058000471 seconds
2026-08-13 15:07:42 - server.services.engine_class - INFO - placed item 200 in the queue waiting to be dispatched to the decoder
2026-08-13 15:07:42 - server.services.engine_class - INFO - consuming token of length 3937 of id 200
2026-08-13 15:07:43 - server.services.ttsServices - INFO - Token 30 : 4096 bytes in 4.429348984000171 seconds
2026-08-13 15:07:44 - server.services.engine_class - INFO - placed item 300 in the queue waiting to be dispatched to the decoder
2026-08-13 15:07:44 - server.services.engine_class - INFO - consuming token of length 5901 of id 300
2026-08-13 15:07:44 - server.services.ttsServices - INFO - Token 40 : 4096 bytes in 5.74975971799995 seconds
2026-08-13 15:07:44 - server.services.ttsServices - INFO - Time for sentence  If you pick live Q&A, I’ll cover: : 6.317150554999898
2026-08-13 15:07:45 - server.services.engine_class - INFO - placed item 0 in the queue waiting to be dispatched to the decoder
2026-08-13 15:07:45 - server.services.engine_class - INFO - consuming token of length 19 of id 0
2026-08-13 15:07:45 - server.services.decoder - INFO - putting chunk generated from the decoder with index 0 in decoder queue
2026-08-13 15:07:45 - server.services.decoder - INFO - getting audio chunk 0 from decoder queue consumer to stream to the backend
2026-08-13 15:07:45 - server.services.ttsServices - INFO - Token 0 : 4096 bytes in 0.5385855450003874 seconds
2026-08-13 15:07:45 - server.services.ttsServices - INFO - TTFT for  the API surface for a bursty endpoint, idempotency strategy (idempotency keys, retries, exactly-once vs at-least-once considerations), burst handling (rate limiting, queues, backpressure, autoscaling is 0.538625265000519
2026-08-13 15:07:47 - server.services.ttsServices - INFO - Token 10 : 4096 bytes in 1.8375987300005363 seconds
2026-08-13 15:07:47 - server.services.engine_class - INFO - placed item 100 in the queue waiting to be dispatched to the decoder
2026-08-13 15:07:47 - server.services.engine_class - INFO - consuming token of length 1978 of id 100
2026-08-13 15:07:48 - server.services.ttsServices - INFO - Token 20 : 4096 bytes in 3.1597810590001245 seconds
2026-08-13 15:07:49 - server.services.engine_class - INFO - placed item 200 in the queue waiting to be dispatched to the decoder
2026-08-13 15:07:49 - server.services.engine_class - INFO - consuming token of length 3938 of id 200
2026-08-13 15:07:49 - server.services.ttsServices - INFO - Token 30 : 4096 bytes in 4.485109713999918 seconds
2026-08-13 15:07:51 - server.services.engine_class - INFO - placed item 300 in the queue waiting to be dispatched to the decoder
2026-08-13 15:07:51 - server.services.engine_class - INFO - consuming token of length 5896 of id 300
2026-08-13 15:07:51 - server.services.ttsServices - INFO - Token 40 : 4096 bytes in 5.81255727000007 seconds
2026-08-13 15:07:52 - server.services.ttsServices - INFO - Token 50 : 4096 bytes in 7.137240897000083 seconds
2026-08-13 15:07:52 - server.services.engine_class - INFO - placed item 400 in the queue waiting to be dispatched to the decoder
2026-08-13 15:07:52 - server.services.engine_class - INFO - consuming token of length 7854 of id 400
2026-08-13 15:07:53 - server.services.ttsServices - INFO - Token 60 : 4096 bytes in 8.462644834000457 seconds
2026-08-13 15:07:54 - server.services.engine_class - INFO - placed item 500 in the queue waiting to be dispatched to the decoder
2026-08-13 15:07:54 - server.services.engine_class - INFO - consuming token of length 9818 of id 500
2026-08-13 15:07:55 - server.services.ttsServices - INFO - Token 70 : 4096 bytes in 9.7737803910004 seconds
2026-08-13 15:07:56 - server.services.ttsServices - INFO - Token 80 : 4096 bytes in 11.096904037000058 seconds
2026-08-13 15:07:56 - server.services.engine_class - INFO - placed item 600 in the queue waiting to be dispatched to the decoder
2026-08-13 15:07:56 - server.services.engine_class - INFO - consuming token of length 11782 of id 600
2026-08-13 15:07:57 - server.services.ttsServices - INFO - Token 90 : 4096 bytes in 12.418564141000388 seconds
2026-08-13 15:07:58 - server.services.engine_class - INFO - placed item 700 in the queue waiting to be dispatched to the decoder
2026-08-13 15:07:58 - server.services.engine_class - INFO - consuming token of length 13739 of id 700
2026-08-13 15:07:59 - server.services.decoder - INFO - putting chunk generated from the decoder with index 100 in decoder queue
2026-08-13 15:07:59 - server.services.decoder - INFO - getting audio chunk 100 from decoder queue consumer to stream to the backend
2026-08-13 15:07:59 - server.services.ttsServices - INFO - Token 100 : 4096 bytes in 13.729582117000064 seconds
2026-08-13 15:08:00 - server.services.ttsServices - INFO - Token 110 : 4096 bytes in 15.039525967999907 seconds
2026-08-13 15:08:00 - server.services.engine_class - INFO - placed item 800 in the queue waiting to be dispatched to the decoder
2026-08-13 15:08:00 - server.services.engine_class - INFO - consuming token of length 15705 of id 800
2026-08-13 15:08:01 - server.services.ttsServices - INFO - Token 120 : 4096 bytes in 16.353318172999934 seconds
2026-08-13 15:08:02 - server.services.engine_class - INFO - placed item 900 in the queue waiting to be dispatched to the decoder
2026-08-13 15:08:02 - server.services.engine_class - INFO - consuming token of length 17669 of id 900
2026-08-13 15:08:03 - server.services.ttsServices - INFO - Token 130 : 4096 bytes in 17.682803507000244 seconds
2026-08-13 15:08:04 - server.services.engine_class - INFO - placed item 1000 in the queue waiting to be dispatched to the decoder
2026-08-13 15:08:04 - server.services.engine_class - INFO - consuming token of length 19627 of id 1000
2026-08-13 15:08:04 - server.services.ttsServices - INFO - Token 140 : 4096 bytes in 19.01017974200022 seconds
2026-08-13 15:08:05 - server.services.ttsServices - INFO - Token 150 : 4096 bytes in 20.329182938000486 seconds
2026-08-13 15:08:06 - server.services.engine_class - INFO - placed item 1100 in the queue waiting to be dispatched to the decoder
2026-08-13 15:08:06 - server.services.engine_class - INFO - consuming token of length 21584 of id 1100
2026-08-13 15:08:07 - server.services.ttsServices - INFO - Token 160 : 4096 bytes in 21.656715023000288 seconds
2026-08-13 15:08:08 - server.services.engine_class - INFO - placed item 1200 in the queue waiting to be dispatched to the decoder
2026-08-13 15:08:08 - server.services.engine_class - INFO - consuming token of length 23543 of id 1200
2026-08-13 15:08:08 - server.services.ttsServices - INFO - Token 170 : 4096 bytes in 22.989232205000008 seconds
2026-08-13 15:08:09 - server.services.ttsServices - INFO - Token 180 : 4096 bytes in 24.326415033000558 seconds
2026-08-13 15:08:09 - server.services.engine_class - INFO - placed item 1300 in the queue waiting to be dispatched to the decoder
2026-08-13 15:08:09 - server.services.engine_class - INFO - consuming token of length 25505 of id 1300
2026-08-13 15:08:11 - server.services.ttsServices - INFO - Token 190 : 4096 bytes in 25.668025757000578 seconds
2026-08-13 15:08:11 - server.services.engine_class - INFO - placed item 1400 in the queue waiting to be dispatched to the decoder
2026-08-13 15:08:11 - server.services.engine_class - INFO - consuming token of length 27464 of id 1400
2026-08-13 15:08:12 - server.services.decoder - INFO - putting chunk generated from the decoder with index 200 in decoder queue
2026-08-13 15:08:12 - server.services.decoder - INFO - getting audio chunk 200 from decoder queue consumer to stream to the backend
2026-08-13 15:08:12 - server.services.ttsServices - INFO - Token 200 : 4096 bytes in 27.012244436999936 seconds
2026-08-13 15:08:13 - server.services.ttsServices - INFO - Token 210 : 4096 bytes in 28.35870807900028 seconds
2026-08-13 15:08:13 - server.services.engine_class - INFO - placed item 1500 in the queue waiting to be dispatched to the decoder
2026-08-13 15:08:13 - server.services.engine_class - INFO - consuming token of length 29423 of id 1500
2026-08-13 15:08:14 - server.services.ttsServices - INFO - Time for sentence  the API surface for a bursty endpoint, idempotency strategy (idempotency keys, retries, exactly-once vs at-least-once considerations), burst handling (rate limiting, queues, backpressure, autoscaling : 29.356260016000306
